"CUSTOMER_ID","NAME","DATA_USAGE","DATA_LIMIT"
9713,Hacer,0,0
9714,Özlem,0,0
9715,Özlem,0,0
9717,Merve,8493.24,10240
9721,Meryem,8920.16,10240
9722,Aysel,0,0
9723,Yasemin,0,0
9726,Sevim,15523.31,20480
9727,Esra,9128.5,10240
9730,Sultan,17534.6,20480
9733,Hülya,0,0
9740,İbrahim,0,0
9741,Ayşe,0,0
9746,Emine,0,0
9747,Abdullah,17524.12,20480
9748,Emre,0,0
9750,Recep,0,0
9755,Sultan,0,0
9756,Esra,18044.07,20480
9757,Ali,18144.6,20480
9758,Rabia,18294.98,20480
9760,Büşra,17564.73,20480
9766,Zehra,19062.25,20480
9768,Ali,0,0
9770,Fatih,0,0
9776,Merve,17492.47,20480
9778,Yağmur,0,0
9779,Melek,0,0
9785,Elif,0,0
9786,Sevim,0,0
9787,Mahmut,0,0
9788,Merve,0,0
9789,İsmail,0,0
9793,Mahmut,0,0
9797,Süleyman,0,0
9798,Ramazan,9141.59,10240
9804,Kadir,0,0
9806,Merve,0,0
9807,Osman,9064.84,10240
9809,İsmail,18618.03,20480
9811,Osman,18033.1,20480
9812,Zeynep,0,0
9813,Esra,0,0
9815,Sevim,19255.93,20480
9817,Özlem,0,0
9820,Yasin,15795.17,20480
9823,Yasin,7791.67,10240
9824,Murat,0,0
9826,Burak,0,0
9827,Adem,0,0
9828,Adem,0,0
9829,Zehra,0,0
9830,Dilek,8541.82,10240
9832,Ayşe,0,0
9834,Yağmur,0,0
9835,Fadime,0,0
9837,Fadime,0,0
9839,Büşra,0,0
9844,Özlem,0,0
9846,Tuğba,8086.07,10240
9847,Rabia,15494.84,20480
9848,Ömer,0,0
9850,Melek,0,0
9854,Dilek,0,0
9856,Yağmur,17719.38,20480
9857,Hacer,9797.29,10240
9858,Melek,19454.03,20480
9860,Ayşe,0,0
9861,Fadime,0,0
9863,Yasemin,0,0
9864,Muhammed,7994.46,10240
9865,İbrahim,19786.78,20480
9555,Kübra,0,0
9556,Mehmet,18042.41,20480
9557,Enes,0,0
9558,Yasin,0,0
9562,Recep,19877.27,20480
9564,Sultan,0,0
9565,Mustafa,0,0
9570,Süleyman,17055.35,20480
9574,Murat,0,0
9576,Fadime,0,0
9580,Sultan,0,0
9582,Özlem,0,0
9586,Mahmut,0,0
9592,Recep,0,0
9596,Sultan,17592.9,20480
9598,Halil,18603.44,20480
9600,Büşra,20104.96,20480
9601,Abdullah,15834.13,20480
9603,Merve,0,0
9610,Ayşegül,19417.5,20480
9612,Serkan,0,0
9614,Murat,19057.74,20480
9615,Osman,16238.69,20480
9619,Hülya,0,0
9622,Tuğba,0,0
9623,Yasemin,0,0
9626,Fadime,0,0
9628,Hüseyin,0,0
9632,Büşra,0,0
9638,Süleyman,19629.47,20480
9639,Ali,0,0
9641,Aysel,0,0
9644,Murat,0,0
9645,Rabia,0,0
9656,Enes,20253.24,20480
9660,Merve,0,0
9662,Hasan,17352.26,20480
9663,Elif,17123.03,20480
9666,Sevim,18334.99,20480
9671,Zeynep,0,0
9672,Burak,0,0
9675,Ramazan,0,0
9676,Yağmur,0,0
9677,Osman,8856.72,10240
9678,Ömer,17042.32,20480
9679,Elif,9123.46,10240
9682,Hasan,0,0
9683,Adem,0,0
9684,Songül,0,0
9687,Recep,0,0
9688,Fadime,0,0
9690,Ali,0,0
9692,Osman,0,0
9697,Merve,0,0
9700,Abdullah,0,0
9701,Aysel,20019.76,20480
9702,Muhammed,10076.93,10240
9704,Melek,17499.99,20480
9705,Yasin,18428.01,20480
9707,Hatice,0,0
9708,Melek,9771.37,10240
9710,Fatma,0,0
9396,İsmail,19942.46,20480
9401,Sevim,19132.19,20480
9404,Hatice,0,0
9405,Halil,0,0
9409,Meryem,0,0
9411,Serkan,9693.34,10240
9413,Ayşegül,18317.29,20480
9415,Fatih,0,0
9416,Osman,18028.38,20480
9417,Mehmet,8394.96,10240
9419,Yusuf,8746.55,10240
9420,Fadime,0,0
9421,Rabia,0,0
9423,Hüseyin,0,0
9424,Meryem,0,0
9430,Mustafa,20023.41,20480
9432,Fadime,0,0
9433,Süleyman,17056.21,20480
9435,Kübra,0,0
9436,Yusuf,0,0
9437,Emine,0,0
9439,Ömer,18924.1,20480
9443,Özlem,0,0
9447,Fatma,17313.64,20480
9453,Ömer,19810.66,20480
9455,Fatih,8974.98,10240
9456,Osman,0,0
9461,Fatih,19287.91,20480
9463,Muhammed,16777.1,20480
9464,Hatice,0,0
9465,Ayşe,18827.48,20480
9467,Burak,0,0
9469,Fadime,0,0
9474,İsmail,16386.08,20480
9476,Sultan,0,0
9479,Ali,0,0
9486,Kadir,0,0
9487,Murat,18112.97,20480
9490,Yasemin,8230.96,10240
9493,Fatma,9886.34,10240
9494,Merve,0,0
9496,Merve,0,0
9498,Yağmur,0,0
9499,Emine,16307.24,20480
9500,Emine,0,0
9501,Fatma,9945.32,10240
9502,Ali,0,0
9503,Tuğba,0,0
9504,Meryem,0,0
9505,Serkan,0,0
9507,Osman,8942.19,10240
9510,Muhammed,0,0
9511,Zeynep,9582.4,10240
9512,Yusuf,0,0
9513,Ayşegül,8339.79,10240
9516,Ayşe,19123.53,20480
9520,Osman,20284.8,20480
9521,Muhammed,0,0
9525,Emine,0,0
9526,Emre,17218.75,20480
9527,Yasin,0,0
9528,Mustafa,18287.97,20480
9530,Yasin,0,0
9534,Mahmut,0,0
9536,Zeynep,0,0
9538,Osman,19844.03,20480
9540,Dilek,0,0
9547,İbrahim,16427.74,20480
9550,Melek,8917.69,10240
9551,Mahmut,0,0
9240,Rabia,20414.02,20480
9244,Serkan,19442.33,20480
9251,Hacer,0,0
9255,Kadir,16160.67,20480
9256,Tuğba,18409.33,20480
9260,Hülya,0,0
9261,Rabia,0,0
9262,Osman,0,0
9265,Yusuf,0,0
9272,Sultan,0,0
9278,Aysel,0,0
9280,Hacer,0,0
9281,Meryem,15713.31,20480
9283,Leyla,8868.34,10240
9287,Ömer,0,0
9294,Serkan,0,0
9295,İsmail,0,0
9296,Mustafa,0,0
9298,Serkan,0,0
9299,Leyla,16445.99,20480
9303,İsmail,0,0
9306,Recep,0,0
9308,Osman,0,0
9309,Aynur,0,0
9311,Hüseyin,0,0
9312,Yağmur,0,0
9315,Hüseyin,16834.17,20480
9317,Rabia,0,0
9320,Serkan,18764.27,20480
9323,Burak,18417.64,20480
9325,Hüseyin,0,0
9333,Fatih,0,0
9334,Kübra,10161.31,10240
9335,Ahmet,20186.93,20480
9339,Hülya,19259.75,20480
9340,Ömer,16546.37,20480
9342,Serkan,8340.77,10240
9344,Furkan,15557.08,20480
9345,Esra,0,0
9346,Fatih,0,0
9349,Hülya,16647,20480
9350,Mustafa,17120.86,20480
9351,Adem,0,0
9354,Leyla,8613.33,10240
9355,Aysel,0,0
9356,Dilek,0,0
9361,Emre,0,0
9366,Murat,7837.03,10240
9367,Kadir,0,0
9368,Osman,16301.42,20480
9369,Yasemin,17644.46,20480
9371,Fadime,0,0
9372,Enes,18439.18,20480
9376,Metin,0,0
9379,Osman,19870.4,20480
9381,Furkan,0,0
9382,Adem,8205.56,10240
9383,Osman,0,0
9385,Murat,0,0
9387,Ahmet,0,0
9391,Songül,18910.8,20480
9393,Ahmet,0,0
9394,Ramazan,9220.51,10240
9084,Fatma,0,0
9085,Zehra,8816.32,10240
9086,Kadir,16100.89,20480
9087,Ramazan,0,0
9090,Murat,0,0
9091,Zehra,0,0
9096,Ayşegül,16011.7,20480
9104,Elif,0,0
9110,Meryem,9891.8,10240
9112,Murat,0,0
9117,Hacer,0,0
9123,Elif,10035.11,10240
9125,Merve,0,0
9127,Özlem,0,0
9131,Serkan,8928.65,10240
9139,Sevim,0,0
9140,Yusuf,0,0
9142,Dilek,0,0
9143,Yasemin,7962.64,10240
9144,Büşra,0,0
9145,Merve,18869.54,20480
9146,Tuğba,0,0
9147,Fatih,17009.49,20480
9151,Rabia,0,0
9152,Yağmur,0,0
9153,Ayşegül,17199.32,20480
9157,Zehra,0,0
9160,İbrahim,20104.21,20480
9163,Murat,15450.31,20480
9164,Fadime,0,0
9166,Muhammed,19063.08,20480
9169,Elif,15926.32,20480
9170,Elif,0,0
9171,Dilek,0,0
9173,Yasin,8810.33,10240
9174,Hakan,0,0
9175,Esra,0,0
9177,Merve,0,0
9182,Fadime,16953.23,20480
9183,Sevim,19260.77,20480
9187,Aynur,0,0
9193,Yasemin,0,0
9195,Dilek,18065.54,20480
9196,Ahmet,0,0
9198,Mehmet,19857,20480
9200,Hülya,0,0
9202,Burak,0,0
9205,Mahmut,0,0
9206,Burak,8409.63,10240
9207,Fatih,0,0
9209,Furkan,7936.52,10240
9211,Kadir,9940.55,10240
9212,Serkan,17143.02,20480
9216,Rabia,0,0
9219,Murat,8286.77,10240
9220,Murat,0,0
9221,Kadir,0,0
9230,Ali,0,0
9234,Hasan,0,0
9236,Abdullah,0,0
8925,Süleyman,0,0
8926,Dilek,0,0
8929,Fatih,0,0
8930,Hülya,18063.47,20480
8931,Tuğba,20076.98,20480
8932,Serkan,0,0
8938,Özlem,9153.07,10240
8939,Meryem,0,0
8940,Hacer,0,0
8942,Aysel,0,0
8944,Osman,0,0
8950,Halil,0,0
8951,Ali,19406.86,20480
8952,Ahmet,0,0
8954,Fadime,0,0
8956,Mahmut,19675.43,20480
8958,Zehra,0,0
8960,Yağmur,20466.81,20480
8964,Aysel,9355.88,10240
8965,Mustafa,10036.83,10240
8968,Merve,7708.38,10240
8970,Ahmet,19079.55,20480
8971,Songül,0,0
8972,Dilek,0,0
8974,Emine,9727.16,10240
8978,Murat,0,0
8981,Zehra,18491.95,20480
8985,Mustafa,0,0
8988,Meryem,17503.1,20480
8990,Enes,0,0
8992,Recep,0,0
8993,Kadir,0,0
8996,Fadime,0,0
9001,Metin,0,0
9002,Ömer,0,0
9004,Sevim,0,0
9006,Ömer,9254.38,10240
9008,Dilek,0,0
9009,Fatma,0,0
9012,Dilek,0,0
9020,İbrahim,17740.74,20480
9022,Havva,16099.44,20480
9025,Zeynep,18564.75,20480
9027,Aynur,0,0
9028,Meryem,19260.17,20480
9030,Ali,0,0
9032,Mustafa,0,0
9033,Rabia,0,0
9036,Rabia,0,0
9037,Songül,0,0
9039,Sevim,0,0
9049,Mustafa,0,0
9052,Ali,9461.14,10240
9058,Osman,0,0
9059,Ahmet,0,0
9065,Songül,0,0
9067,Burak,9762.84,10240
9070,Büşra,0,0
9071,Enes,9091.15,10240
9072,Abdullah,0,0
9073,Fadime,0,0
9078,Havva,9459.83,10240
9080,Büşra,0,0
8771,İbrahim,0,0
8772,Mustafa,0,0
8774,Fatih,19594.56,20480
8775,Aysel,0,0
8776,Meryem,0,0
8777,Muhammed,16888.63,20480
8778,Fatma,0,0
8779,Elif,8852.42,10240
8780,Sevim,0,0
8781,Yasin,0,0
8782,Kübra,18455.09,20480
8784,Aysel,9208.39,10240
8787,Ali,18158.73,20480
8788,Ayşe,8865.96,10240
8789,Kadir,0,0
8791,Mahmut,0,0
8792,Kadir,9579.71,10240
8794,Sultan,0,0
8795,Dilek,0,0
8797,Dilek,16398.39,20480
8799,Havva,0,0
8800,Mehmet,0,0
8801,Osman,0,0
8803,Metin,8730.88,10240
8806,Sultan,0,0
8809,Yusuf,15844.56,20480
8811,Hülya,0,0
8817,Emine,0,0
8819,Murat,0,0
8820,Esra,0,0
8821,Hakan,19009.86,20480
8822,Songül,0,0
8824,Ayşe,9134.98,10240
8825,Ayşe,20476.31,20480
8827,İbrahim,17046.2,20480
8833,Emre,0,0
8838,Hacer,17162.59,20480
8841,Ahmet,0,0
8843,Fatih,0,0
8847,Mustafa,19082.21,20480
8848,Elif,0,0
8849,Elif,0,0
8851,Abdullah,20313.72,20480
8853,Abdullah,0,0
8854,Adem,20284.54,20480
8855,Yusuf,20307.93,20480
8857,Ahmet,0,0
8858,Tuğba,0,0
8859,Merve,0,0
8860,Hasan,7890.83,10240
8862,Halil,0,0
8864,Halil,15721.26,20480
8865,Murat,0,0
8866,Tuğba,0,0
8867,Ayşegül,0,0
8873,Havva,0,0
8875,İbrahim,10050.01,10240
8876,İsmail,0,0
8878,Murat,0,0
8879,Osman,0,0
8880,Havva,0,0
8881,Zeynep,17586.27,20480
8882,Meryem,8989.78,10240
8883,Tuğba,0,0
8885,Tuğba,18886.21,20480
8886,Kübra,0,0
8891,Murat,9742.51,10240
8892,Fadime,9659.55,10240
8896,Havva,0,0
8899,Hüseyin,17229.88,20480
8903,Muhammed,0,0
8905,Osman,16575.28,20480
8913,Büşra,0,0
8914,Özlem,0,0
8916,Burak,16728.8,20480
8917,Zehra,0,0
8919,Fadime,0,0
8922,Fadime,0,0
8619,Hatice,0,0
8621,İbrahim,19011.39,20480
8622,Hakan,17353.31,20480
8623,Havva,10055.92,10240
8630,Ömer,0,0
8631,Sultan,20253,20480
8632,Hasan,18162.74,20480
8634,Recep,0,0
8635,Melek,0,0
8638,Ali,19659.93,20480
8639,Sultan,0,0
8640,İsmail,0,0
8641,Esra,16528.38,20480
8642,Ramazan,10142.4,10240
8643,Halil,0,0
8644,Dilek,0,0
8645,Hüseyin,0,0
8646,Sevim,7919.98,10240
8647,Yasin,17527.98,20480
8648,Elif,0,0
8649,Ayşegül,20000.7,20480
8650,Yağmur,0,0
8651,Havva,0,0
8653,Emre,0,0
8654,Hülya,0,0
8658,Recep,9221.9,10240
8659,Melek,0,0
8661,Adem,16320.21,20480
8662,Ayşegül,8934.59,10240
8663,Abdullah,0,0
8666,Emine,18675.72,20480
8669,Ahmet,0,0
8672,Havva,15864.04,20480
8673,Mustafa,0,0
8674,Serkan,17260.23,20480
8675,Aynur,0,0
8678,Tuğba,18196.72,20480
8680,Zeynep,0,0
8682,Yağmur,0,0
8684,Hacer,18706.35,20480
8685,Ahmet,0,0
8687,Leyla,10042.19,10240
8689,Meryem,7695.48,10240
8691,Hacer,0,0
8696,Kadir,0,0
8699,Enes,8823.84,10240
8701,Özlem,0,0
8702,Ömer,19078.4,20480
8703,Fadime,15409.73,20480
8707,Mehmet,0,0
8708,Zehra,0,0
8709,Kadir,0,0
8711,Murat,0,0
8713,Yasin,0,0
8718,Hasan,0,0
8719,Büşra,0,0
8722,Elif,0,0
8731,Aysel,8908.66,10240
8732,Emine,0,0
8733,Abdullah,0,0
8735,Aynur,0,0
8737,Mustafa,8280.06,10240
8738,Recep,0,0
8740,Zehra,9604.88,10240
8742,Murat,0,0
8743,Zehra,0,0
8745,Ayşe,0,0
8746,Havva,16381.36,20480
8748,Ömer,20030.16,20480
8749,Leyla,18507.98,20480
8750,Hakan,0,0
8751,Emre,0,0
8753,Osman,0,0
8754,Esra,0,0
8755,Yağmur,0,0
8756,Fatih,0,0
8757,Adem,9872.95,10240
8758,Emre,0,0
8759,Emre,19163.34,20480
8761,Aysel,0,0
8768,Ayşegül,0,0
8461,Enes,0,0
8464,Yusuf,0,0
8470,Osman,0,0
8471,Merve,0,0
8472,Muhammed,9628.34,10240
8473,Murat,17415.12,20480
8477,Hacer,0,0
8480,Fatma,18904.13,20480
8488,Melek,0,0
8489,Osman,0,0
8490,Hacer,0,0
8492,Recep,9613.18,10240
8494,Osman,0,0
8498,Adem,0,0
8502,Yasemin,0,0
8503,Ramazan,0,0
8505,Zeynep,15628.6,20480
8507,Dilek,10146.01,10240
8509,Hatice,0,0
8511,Merve,17889.03,20480
8514,Mahmut,0,0
8516,Ayşegül,0,0
8517,Yusuf,0,0
8519,Havva,8619.68,10240
8522,Adem,0,0
8524,Enes,0,0
8525,Hacer,0,0
8530,Rabia,0,0
8531,Serkan,9119.86,10240
8534,Ayşegül,8221.05,10240
8538,Fatih,20109.94,20480
8539,Süleyman,0,0
8542,Yasin,0,0
8546,Aysel,0,0
8547,Hakan,16205.65,20480
8550,Havva,0,0
8553,Aysel,0,0
8556,Fatih,0,0
8557,Yasemin,9228.99,10240
8560,Zehra,19525.27,20480
8561,Kadir,0,0
8562,Hatice,7774.06,10240
8563,Fatma,0,0
8567,Leyla,19390.19,20480
8569,Muhammed,0,0
8572,Aysel,0,0
8573,Dilek,0,0
8574,Sevim,9210.66,10240
8575,Ramazan,0,0
8576,Fadime,9978.96,10240
8577,Merve,16642.89,20480
8582,Ali,0,0
8585,Muhammed,15547.02,20480
8586,Metin,0,0
8587,Meryem,16999.94,20480
8588,Fadime,0,0
8592,Hüseyin,0,0
8593,Büşra,0,0
8594,Rabia,18857.8,20480
8598,Ayşegül,17462.08,20480
8599,Elif,20443.36,20480
8601,Ali,0,0
8603,Yasemin,0,0
8606,Kadir,9214.33,10240
8607,Büşra,0,0
8608,Hacer,0,0
8609,Osman,20237.43,20480
8611,Enes,0,0
8614,Hülya,9019.39,10240
8308,Fatma,9838.8,10240
8309,Ayşegül,16683.58,20480
8311,Ömer,0,0
8313,Enes,15994.06,20480
8314,Havva,0,0
8315,Recep,0,0
8316,Ahmet,0,0
8318,Rabia,0,0
8319,Zehra,15396.88,20480
8321,Emre,8888.94,10240
8322,Ayşegül,17034.57,20480
8323,Rabia,0,0
8324,Hakan,0,0
8326,Sultan,17487.1,20480
8330,Yasin,0,0
8332,Mehmet,16048.42,20480
8333,Yusuf,20104.56,20480
8334,Aynur,16086.99,20480
8335,Hatice,0,0
8339,Ayşegül,9694.74,10240
8342,Rabia,17240.31,20480
8343,Hakan,0,0
8344,Elif,0,0
8345,Emine,0,0
8346,Ayşegül,0,0
8348,Zehra,15479.61,20480
8357,Adem,16226.32,20480
8360,Ayşegül,9641.36,10240
8361,Yusuf,7731,10240
8362,Hacer,0,0
8363,Özlem,0,0
8365,Ayşegül,17861.46,20480
8375,İsmail,0,0
8378,Melek,0,0
8379,Leyla,18942.84,20480
8382,Enes,8299.88,10240
8384,Enes,0,0
8385,İbrahim,0,0
8386,Burak,8614.2,10240
8390,Emre,0,0
8392,Murat,9463.6,10240
8397,Hülya,18261.65,20480
8399,Sevim,0,0
8403,Esra,0,0
8404,Yağmur,0,0
8409,Yasin,17569.37,20480
8412,Merve,0,0
8415,Fadime,0,0
8416,Melek,0,0
8419,Fadime,9910.99,10240
8421,Sevim,8546.2,10240
8422,Aysel,0,0
8423,Fadime,0,0
8424,Fatih,0,0
8427,Ayşe,0,0
8431,Hacer,0,0
8433,Aysel,16427.01,20480
8436,Ayşegül,0,0
8439,İsmail,0,0
8440,Enes,15810.23,20480
8446,Fatih,18892.09,20480
8447,Yağmur,0,0
8448,Meryem,0,0
8450,Sultan,0,0
8453,Zeynep,19909.6,20480
8455,Fadime,0,0
8456,Halil,0,0
8146,Emre,0,0
8148,Ramazan,0,0
8150,Dilek,0,0
8151,Zehra,0,0
8153,Süleyman,9233.69,10240
8155,Mehmet,0,0
8156,Ayşe,18217.59,20480
8157,Rabia,0,0
8161,İsmail,0,0
8165,Süleyman,0,0
8167,Büşra,0,0
8169,Ayşe,8002.09,10240
8170,Ali,0,0
8172,Yusuf,18035.22,20480
8174,Elif,0,0
8175,Süleyman,9247.41,10240
8176,Ramazan,0,0
8178,Sevim,0,0
8179,Büşra,0,0
8180,Esra,9993.84,10240
8181,Mustafa,17071.66,20480
8185,Ayşe,9055.79,10240
8186,Süleyman,19003.95,20480
8191,Osman,15698.49,20480
8194,Muhammed,0,0
8197,Zeynep,0,0
8199,Ali,19613.69,20480
8200,Elif,8348.63,10240
8202,Fatma,0,0
8203,Ayşe,18722.58,20480
8204,Yasin,0,0
8210,Enes,15702.97,20480
8214,Kadir,0,0
8215,Burak,17361.46,20480
8216,Özlem,8895.95,10240
8220,Özlem,0,0
8221,İsmail,17385.24,20480
8223,Havva,15773.22,20480
8224,Adem,20184.27,20480
8225,Esra,20064.21,20480
8226,Hakan,16102.38,20480
8230,Ramazan,16663.71,20480
8232,Murat,0,0
8234,Dilek,0,0
8237,Enes,0,0
8239,Burak,17714.44,20480
8240,Abdullah,16739.26,20480
8242,Elif,15918.81,20480
8243,Hatice,0,0
8244,Sevim,0,0
8245,Elif,15883.16,20480
8249,Aynur,0,0
8250,Aysel,0,0
8256,Adem,0,0
8258,Leyla,0,0
8259,Fatih,0,0
8262,Abdullah,17225.68,20480
8263,Ahmet,0,0
8264,Hülya,17076.87,20480
8265,Ali,0,0
8266,Fadime,15474.89,20480
8267,Aysel,10079.56,10240
8272,Aysel,0,0
8276,Halil,0,0
8277,Yağmur,16917.42,20480
8281,Murat,0,0
8282,Hacer,10206.53,10240
8283,Yasemin,17964.49,20480
8288,Yasin,0,0
8289,Ali,0,0
8291,Sevim,17531.24,20480
8293,Hakan,0,0
8294,Yağmur,16896.38,20480
8297,Ömer,15982.2,20480
8298,Mehmet,0,0
8299,Yağmur,0,0
7988,Merve,18510.19,20480
7989,Büşra,0,0
7990,Abdullah,0,0
7991,Yasin,0,0
7992,Furkan,0,0
7995,Fatih,15744.9,20480
7996,Ayşe,0,0
8001,Merve,0,0
8002,Enes,10075.89,10240
8003,Rabia,0,0
8004,Esra,0,0
8006,Murat,7777.53,10240
8007,Serkan,0,0
8009,Mustafa,18010.2,20480
8011,Ramazan,0,0
8014,Ramazan,16453.14,20480
8015,Halil,16199.94,20480
8018,Havva,0,0
8020,Fatih,0,0
8021,Hülya,19968.52,20480
8022,Kübra,0,0
8023,Fadime,0,0
8028,Kübra,15390.7,20480
8031,Furkan,10000.16,10240
8033,Metin,19214.02,20480
8036,Kübra,8849.97,10240
8037,Sevim,8913.57,10240
8039,Adem,0,0
8041,Zeynep,16389.39,20480
8042,Elif,17894.17,20480
8044,Melek,16848.64,20480
8045,Sevim,0,0
8047,Yasemin,0,0
8050,Tuğba,17068.1,20480
8052,Kadir,0,0
8057,Ayşe,9074.91,10240
8058,Muhammed,15803.69,20480
8061,Osman,0,0
8062,Songül,17743.1,20480
8064,Fatma,8919.35,10240
8065,Adem,18971.99,20480
8066,Hülya,0,0
8070,Aynur,8370.38,10240
8071,İsmail,19347.37,20480
8074,Emre,9718,10240
8077,Elif,0,0
8078,Dilek,20007.34,20480
8079,Ramazan,0,0
8080,Ömer,0,0
8082,Recep,19418.65,20480
8084,Fatih,15646.7,20480
8085,Merve,0,0
8086,Recep,8893.84,10240
8087,Sevim,0,0
8089,Yusuf,19059.46,20480
8094,Muhammed,0,0
8095,Zeynep,0,0
8096,Dilek,19604.27,20480
8097,Sevim,19372.42,20480
8099,Ömer,0,0
8100,Halil,0,0
8101,Furkan,0,0
8105,Merve,0,0
8106,İbrahim,0,0
8111,İsmail,15408.87,20480
8115,Yusuf,0,0
8116,Metin,9358.73,10240
8117,Mehmet,0,0
8118,Ahmet,17816.84,20480
8119,Melek,19176.76,20480
8121,Fadime,18032.92,20480
8125,Melek,16005.77,20480
8126,Büşra,0,0
8131,Havva,0,0
8133,Fatih,15714.87,20480
8134,Ahmet,0,0
8135,Adem,9169.96,10240
8137,Metin,0,0
8139,Zehra,18041.29,20480
8141,Burak,0,0
8142,Abdullah,0,0
7832,Ayşe,0,0
7833,Ahmet,0,0
7834,Sultan,0,0
7836,Özlem,0,0
7838,Emre,0,0
7839,Serkan,0,0
7844,Osman,0,0
7845,Aynur,0,0
7846,Aysel,19183.04,20480
7847,Ayşegül,0,0
7848,Aysel,8005.03,10240
7849,Abdullah,10109.18,10240
7851,Hacer,20367.19,20480
7853,İsmail,0,0
7855,Elif,0,0
7858,Kübra,0,0
7859,Ahmet,16876.59,20480
7860,Dilek,0,0
7861,Emine,8015.68,10240
7863,Serkan,8992.14,10240
7865,Fatih,0,0
7866,Kübra,0,0
7871,Ramazan,0,0
7873,Hakan,0,0
7875,Fatih,0,0
7876,Meryem,0,0
7878,Leyla,0,0
7880,Furkan,19570.14,20480
7883,Rabia,0,0
7885,Serkan,19699.82,20480
7887,Dilek,9418.23,10240
7889,Serkan,0,0
7893,Büşra,9233.92,10240
7895,Leyla,0,0
7898,Recep,0,0
7900,Burak,0,0
7901,Aynur,9573.82,10240
7902,Murat,17599.89,20480
7907,Murat,0,0
7910,Yasemin,0,0
7912,Emre,10166.89,10240
7913,Mehmet,0,0
7914,Ayşegül,8602.69,10240
7917,Fatma,16492.83,20480
7919,Murat,8112.18,10240
7923,Serkan,19649.42,20480
7926,Ali,9769.09,10240
7927,Halil,18614.29,20480
7929,Ayşegül,16448.66,20480
7934,Kadir,0,0
7935,Mustafa,0,0
7938,Ömer,0,0
7940,Zehra,17524.76,20480
7942,Aynur,0,0
7944,Aynur,0,0
7946,Dilek,0,0
7947,Kadir,18311,20480
7948,Songül,0,0
7949,İbrahim,0,0
7950,Elif,0,0
7951,Hacer,9026.4,10240
7952,Özlem,0,0
7954,Hakan,0,0
7955,Yusuf,0,0
7959,Zehra,0,0
7960,Hasan,0,0
7961,Osman,0,0
7962,Elif,0,0
7964,Fadime,0,0
7965,Ayşegül,0,0
7966,Büşra,0,0
7967,Melek,0,0
7968,Ayşegül,16391.86,20480
7969,Ahmet,0,0
7971,Osman,0,0
7973,Büşra,18875.5,20480
7976,Özlem,0,0
7978,Merve,17153.33,20480
7979,Leyla,0,0
7980,Merve,0,0
7981,Aysel,7836.75,10240
7677,Recep,0,0
7685,Fadime,17239.52,20480
7686,Yasin,17812.27,20480
7688,Fatih,9224.3,10240
7689,Zehra,0,0
7690,Sultan,9799.52,10240
7692,Sevim,8472.54,10240
7698,Mustafa,20002.87,20480
7699,Burak,0,0
7700,Elif,0,0
7701,İbrahim,0,0
7702,Leyla,9576.81,10240
7704,Ramazan,0,0
7705,Rabia,0,0
7706,Yasemin,10130.06,10240
7707,Yağmur,19449.7,20480
7708,Büşra,0,0
7709,Hülya,0,0
7710,Burak,8136.8,10240
7711,Enes,0,0
7712,Songül,0,0
7713,Kadir,0,0
7716,Tuğba,0,0
7720,Dilek,16859.37,20480
7725,Meryem,19624.2,20480
7733,Yasemin,18357.54,20480
7737,Fadime,17098.25,20480
7738,Emine,0,0
7739,Metin,0,0
7740,Fatma,16511.04,20480
7741,Rabia,0,0
7742,Yasin,0,0
7746,Merve,17660.09,20480
7751,Muhammed,15641.8,20480
7754,Emre,18031.72,20480
7755,Ahmet,19850.76,20480
7757,Fadime,0,0
7758,Esra,17930.08,20480
7759,Leyla,0,0
7760,Abdullah,16144.9,20480
7763,Burak,0,0
7765,Ayşe,0,0
7766,Emre,0,0
7767,Melek,0,0
7769,Furkan,8246.07,10240
7771,Yusuf,0,0
7775,Hasan,0,0
7777,Melek,9995.18,10240
7780,Osman,7913.93,10240
7781,Hasan,0,0
7782,Hasan,0,0
7785,Muhammed,20154.3,20480
7786,İbrahim,0,0
7788,Elif,7984.43,10240
7790,Sevim,0,0
7798,Murat,0,0
7799,Abdullah,0,0
7800,Dilek,0,0
7802,Aynur,0,0
7807,Osman,18802.68,20480
7809,Yasemin,16452.29,20480
7810,İbrahim,0,0
7811,Özlem,0,0
7813,Dilek,0,0
7814,Tuğba,18693.34,20480
7815,Melek,0,0
7816,Adem,0,0
7819,Yağmur,9562.76,10240
7820,Özlem,0,0
7821,Hülya,0,0
7822,Serkan,0,0
7825,Mehmet,16928.95,20480
7826,Fatma,8413.4,10240
7827,Hülya,0,0
7828,Osman,15808.85,20480
7830,Adem,9469.92,10240
7523,Fadime,0,0
7524,Esra,20060.46,20480
7527,Leyla,17190.68,20480
7528,Leyla,0,0
7529,Elif,0,0
7530,Merve,17822.64,20480
7532,Hacer,0,0
7533,Osman,0,0
7534,Hüseyin,20377.32,20480
7536,Ayşegül,0,0
7538,Yağmur,0,0
7539,Meryem,0,0
7541,Adem,8479.57,10240
7546,Kübra,0,0
7547,Tuğba,0,0
7549,Sultan,17846.75,20480
7550,Meryem,16201.27,20480
7551,Yasin,0,0
7552,Yasin,19751.27,20480
7554,Enes,20162.02,20480
7558,Abdullah,17977.54,20480
7559,Sultan,8718.54,10240
7560,Hacer,0,0
7562,Aynur,0,0
7563,Yasin,0,0
7565,Recep,8607.72,10240
7575,Ömer,15467.78,20480
7577,Yasemin,0,0
7578,Yağmur,9959.3,10240
7580,Büşra,0,0
7581,Fadime,20135.78,20480
7582,Ali,19507.08,20480
7588,Zeynep,0,0
7593,Fatih,0,0
7595,Murat,8104.97,10240
7596,Adem,0,0
7599,Leyla,15634.19,20480
7601,Aysel,0,0
7602,Emine,0,0
7603,Yasin,17064.77,20480
7606,Burak,17233.1,20480
7608,Yasin,16626.57,20480
7612,Yasemin,0,0
7613,Murat,0,0
7614,Özlem,0,0
7616,Aysel,0,0
7619,Emine,0,0
7620,Meryem,17272.64,20480
7621,Ahmet,0,0
7622,Metin,0,0
7624,Hüseyin,17010.09,20480
7626,Muhammed,16729.83,20480
7634,Meryem,0,0
7637,İbrahim,0,0
7639,Özlem,18980.62,20480
7641,Burak,20284.96,20480
7645,Mehmet,0,0
7646,Serkan,0,0
7648,Adem,0,0
7649,Rabia,15757.81,20480
7650,Kadir,7741.91,10240
7656,Yasin,0,0
7660,Fadime,0,0
7661,Esra,17803.15,20480
7667,Yasin,0,0
7672,Aysel,0,0
7673,Ali,0,0
7362,İsmail,0,0
7363,Recep,0,0
7365,Yusuf,8855.39,10240
7368,Metin,0,0
7369,Merve,20190.25,20480
7372,Ömer,0,0
7373,Sevim,16278.95,20480
7374,Abdullah,8729.31,10240
7376,Mustafa,16556.65,20480
7377,Sevim,0,0
7383,Elif,17336.76,20480
7385,Muhammed,20356.48,20480
7387,Ayşe,8173.82,10240
7389,Süleyman,0,0
7394,Aysel,19843.95,20480
7396,Yasemin,16715.22,20480
7397,Hülya,8416.11,10240
7398,Sevim,0,0
7399,Dilek,0,0
7400,Fadime,0,0
7402,Leyla,9424.13,10240
7404,Hülya,0,0
7405,Fatma,7777.55,10240
7406,Yasemin,0,0
7409,Kadir,15436.25,20480
7411,İsmail,10220.13,10240
7415,Tuğba,0,0
7417,Fadime,0,0
7421,Kübra,0,0
7423,İsmail,0,0
7424,Zeynep,18756.63,20480
7426,Özlem,0,0
7427,Fadime,0,0
7428,Özlem,0,0
7431,Ramazan,0,0
7432,Havva,0,0
7434,Elif,0,0
7435,Hakan,7920.26,10240
7438,Özlem,20068.56,20480
7441,Hakan,0,0
7442,Merve,0,0
7444,Osman,16450.48,20480
7447,Hakan,0,0
7450,Metin,19951.05,20480
7453,Songül,0,0
7454,Hasan,10076.58,10240
7460,Sevim,0,0
7462,Emine,16942.54,20480
7466,Yasemin,0,0
7469,Osman,0,0
7472,Enes,19737.35,20480
7473,Murat,16390.7,20480
7474,Enes,0,0
7478,İsmail,0,0
7480,Songül,0,0
7482,Recep,10110.09,10240
7483,Elif,0,0
7484,Serkan,0,0
7489,Muhammed,0,0
7490,Havva,0,0
7491,Osman,0,0
7492,Fadime,20111.65,20480
7493,Hasan,8153.13,10240
7494,Adem,0,0
7495,Hacer,19826.45,20480
7496,Murat,17545.25,20480
7497,Elif,0,0
7498,Rabia,20000.6,20480
7499,Merve,0,0
7502,Kadir,17520.98,20480
7503,Ayşe,0,0
7504,Songül,8209.35,10240
7506,Osman,19028.24,20480
7507,Özlem,8177.99,10240
7510,Hüseyin,17997.77,20480
7511,Yusuf,0,0
7512,Osman,9631.27,10240
7516,Sevim,0,0
7517,Leyla,9505.26,10240
7206,Ahmet,16058.79,20480
7208,Hakan,20300.59,20480
7209,Elif,0,0
7214,Merve,0,0
7215,Yusuf,0,0
7217,Hakan,19766.36,20480
7218,Süleyman,0,0
7221,İsmail,8878.57,10240
7227,Yusuf,0,0
7229,Halil,0,0
7230,Havva,20436.77,20480
7231,Serkan,0,0
7234,Elif,18156,20480
7238,Sevim,7932.01,10240
7240,Merve,0,0
7243,Furkan,8548.16,10240
7245,Osman,16180.89,20480
7247,Fatih,16253.9,20480
7253,Recep,9449.62,10240
7256,Leyla,0,0
7259,Abdullah,20219.22,20480
7260,Aysel,16448.64,20480
7261,Yağmur,19880.49,20480
7262,Süleyman,19695.05,20480
7264,Hakan,20350.44,20480
7269,Süleyman,0,0
7275,Fadime,0,0
7277,İsmail,17643.42,20480
7279,Recep,17344.45,20480
7280,Murat,0,0
7282,Ayşe,0,0
7287,Tuğba,0,0
7289,İbrahim,18212.68,20480
7297,Fadime,9202.68,10240
7299,Zeynep,18916.49,20480
7308,Sevim,0,0
7309,Dilek,0,0
7310,Sevim,0,0
7311,Dilek,18077.98,20480
7315,Yusuf,0,0
7316,Abdullah,0,0
7317,Abdullah,19544.43,20480
7318,Dilek,16778.47,20480
7319,Burak,0,0
7321,Muhammed,0,0
7323,Havva,9312.99,10240
7326,Serkan,0,0
7327,Melek,0,0
7328,Halil,9005.44,10240
7329,Hakan,0,0
7330,Özlem,0,0
7334,Kübra,15378.31,20480
7336,Zehra,0,0
7338,Ayşegül,0,0
7340,İbrahim,19256.02,20480
7342,Yusuf,0,0
7345,Furkan,0,0
7347,Esra,0,0
7348,Abdullah,0,0
7350,Adem,8714.92,10240
7351,Esra,0,0
7352,Ayşe,0,0
7353,Zehra,0,0
7354,Enes,0,0
7357,Mustafa,0,0
7360,Hülya,18245.36,20480
7047,Enes,16279.77,20480
7048,Fatih,0,0
7049,Ömer,0,0
7050,Zehra,0,0
7051,Enes,7726.21,10240
7052,Zehra,9688.02,10240
7057,Recep,0,0
7064,Kadir,0,0
7067,Süleyman,7873.04,10240
7068,Songül,19409.81,20480
7069,Ali,0,0
7070,Songül,17047.95,20480
7074,Songül,0,0
7075,Burak,0,0
7080,Burak,0,0
7082,Süleyman,0,0
7086,Süleyman,8239.11,10240
7087,Kadir,16180.37,20480
7089,Yasemin,15807.65,20480
7094,Rabia,10056.19,10240
7096,Dilek,16417.36,20480
7098,Ahmet,0,0
7100,Murat,0,0
7102,Mustafa,15971.07,20480
7107,Kübra,0,0
7111,Süleyman,17161.35,20480
7112,Yusuf,0,0
7114,Osman,0,0
7116,Mustafa,17549.62,20480
7118,Hacer,0,0
7119,Hacer,19796.55,20480
7121,Ahmet,0,0
7123,Melek,9727.4,10240
7127,Ali,0,0
7128,Fatih,16028.35,20480
7129,Kübra,17529.82,20480
7130,Ayşegül,0,0
7131,Songül,0,0
7133,Zehra,8288.43,10240
7134,Emre,18147.87,20480
7135,Mehmet,16781.19,20480
7136,Ayşe,0,0
7137,Metin,0,0
7140,Havva,0,0
7142,Ali,0,0
7143,Hülya,0,0
7145,Murat,0,0
7146,Melek,0,0
7147,Ayşegül,8649.07,10240
7150,Hasan,18590.57,20480
7156,Süleyman,16588.23,20480
7161,Abdullah,0,0
7163,Havva,16255.42,20480
7164,Mahmut,0,0
7165,Emre,0,0
7166,Fatih,9748.49,10240
7167,Recep,0,0
7172,Serkan,17975.16,20480
7174,Hakan,19178.83,20480
7176,Emine,9958.42,10240
7177,Fatih,18674.22,20480
7182,Rabia,16596.23,20480
7183,Osman,8422.84,10240
7185,Hakan,0,0
7186,Ali,19920.14,20480
7189,Yasin,0,0
7194,Hülya,0,0
7198,Fatih,0,0
7201,Halil,0,0
7202,Esra,0,0
7203,Meryem,19476.4,20480
6890,Leyla,0,0
6891,Enes,0,0
6893,Hatice,0,0
6901,Ahmet,20328.15,20480
6902,Rabia,16289.44,20480
6903,Mustafa,8264.99,10240
6904,Abdullah,0,0
6905,Hasan,16395.37,20480
6906,Recep,0,0
6908,Meryem,0,0
6909,Emre,9529.07,10240
6912,Ahmet,0,0
6914,Sevim,19220.74,20480
6916,Özlem,0,0
6918,Murat,20343.51,20480
6920,Songül,0,0
6924,Halil,20465.87,20480
6925,Ahmet,9020.13,10240
6926,Abdullah,19718.3,20480
6927,Aynur,17577.64,20480
6929,Abdullah,0,0
6930,Mehmet,0,0
6931,Sultan,0,0
6933,Hakan,0,0
6935,Mustafa,19743.65,20480
6937,Abdullah,0,0
6938,Hülya,17693.39,20480
6941,Sultan,18936.97,20480
6942,Ali,20277.46,20480
6944,Mustafa,9163.74,10240
6945,Mehmet,15606.49,20480
6949,Elif,0,0
6951,Burak,17599.48,20480
6954,Abdullah,0,0
6955,Melek,0,0
6959,Osman,0,0
6962,Büşra,0,0
6966,Songül,19594.48,20480
6967,Dilek,18823.64,20480
6968,Recep,0,0
6972,Hülya,18706.43,20480
6979,Melek,0,0
6981,Fatma,0,0
6982,Ayşe,16695.99,20480
6983,Recep,17167.5,20480
6987,Ali,16222.61,20480
6990,Adem,0,0
6991,Kübra,15692.36,20480
6993,Dilek,18064.56,20480
6994,Hülya,0,0
6995,Mehmet,19726.34,20480
6996,Süleyman,15703.59,20480
6999,Ayşe,9025.04,10240
7006,Hakan,0,0
7008,Leyla,0,0
7009,Süleyman,0,0
7010,Emine,0,0
7012,Ömer,7935.41,10240
7013,Büşra,0,0
7014,Ayşe,0,0
7016,Aysel,19757.79,20480
7018,Yasin,18389.02,20480
7021,Büşra,0,0
7022,Recep,16456.49,20480
7025,Fadime,8256.69,10240
7026,Abdullah,0,0
7028,Halil,0,0
7030,İsmail,8870.97,10240
7032,Songül,0,0
7033,Kadir,20222.99,20480
7035,Meryem,0,0
7038,Hasan,9458.2,10240
7039,Ömer,0,0
7040,Fadime,0,0
6734,Meryem,0,0
6735,Adem,0,0
6737,Hatice,0,0
6749,Hülya,16076.51,20480
6750,Kadir,0,0
6751,Rabia,0,0
6755,İbrahim,10118.98,10240
6757,Mahmut,9919.89,10240
6758,Fadime,0,0
6759,Emine,0,0
6764,Leyla,0,0
6765,Osman,16040.46,20480
6766,Recep,19640.86,20480
6769,Özlem,0,0
6771,Emine,17367.72,20480
6774,Zehra,0,0
6775,Fatih,8201.08,10240
6777,Ramazan,0,0
6780,İbrahim,0,0
6785,Ayşegül,0,0
6789,Mustafa,0,0
6790,Burak,15456.71,20480
6792,Burak,15878.48,20480
6793,Ahmet,17849.52,20480
6794,Furkan,9657.41,10240
6800,Enes,0,0
6803,Yağmur,0,0
6805,Fatma,0,0
6807,Fadime,7968.82,10240
6810,Özlem,0,0
6816,Dilek,0,0
6817,Zehra,0,0
6818,Havva,0,0
6821,Osman,18926.17,20480
6823,Hakan,9964.56,10240
6830,Burak,0,0
6832,Mehmet,16812.79,20480
6833,Recep,0,0
6834,Merve,0,0
6837,Kübra,0,0
6838,Melek,17370.38,20480
6839,Leyla,8180.84,10240
6840,Sevim,0,0
6842,Hakan,0,0
6844,Özlem,20317.64,20480
6845,İbrahim,0,0
6846,Osman,16239.81,20480
6847,Kübra,0,0
6849,İsmail,9881.2,10240
6850,İbrahim,0,0
6851,Burak,0,0
6853,Aynur,19959.08,20480
6857,Zehra,18945.51,20480
6859,Yağmur,0,0
6864,Merve,16086.69,20480
6866,Yusuf,0,0
6868,Yusuf,17043.43,20480
6870,Halil,0,0
6871,Ayşe,10225.53,10240
6874,Recep,0,0
6875,Songül,0,0
6884,Hakan,0,0
6885,Enes,0,0
6886,Fatih,0,0
6888,Aynur,17191.15,20480
6579,Yusuf,16630.72,20480
6580,Murat,0,0
6582,Yağmur,0,0
6583,Melek,19824.67,20480
6587,Rabia,8506.19,10240
6588,Osman,7813.65,10240
6592,Zeynep,19930.97,20480
6593,Furkan,0,0
6594,Sultan,18850.13,20480
6595,Kadir,0,0
6596,Aysel,0,0
6597,Adem,19785.94,20480
6598,Sultan,8119.02,10240
6599,Rabia,18359.49,20480
6602,Ramazan,0,0
6603,Hatice,0,0
6604,Leyla,0,0
6605,Abdullah,0,0
6609,Fatih,0,0
6610,Ahmet,15887.82,20480
6614,Büşra,0,0
6616,Burak,0,0
6618,Sultan,0,0
6619,Rabia,0,0
6620,Hakan,0,0
6622,Elif,0,0
6625,Esra,0,0
6628,Murat,0,0
6632,Kübra,0,0
6633,Enes,0,0
6634,Yağmur,0,0
6636,Esra,0,0
6637,Emre,9871.16,10240
6638,Yasemin,19707.15,20480
6641,Melek,18697.21,20480
6643,Recep,16925.13,20480
6645,Songül,8028.65,10240
6652,Ahmet,20053.13,20480
6653,Emre,0,0
6654,Fatma,0,0
6657,Meryem,19827.4,20480
6658,Melek,0,0
6660,Hatice,9345.11,10240
6663,Enes,9953.64,10240
6664,Esra,7708.35,10240
6667,Yasin,0,0
6671,İsmail,0,0
6672,Esra,20354.13,20480
6674,Meryem,18350.75,20480
6675,Yağmur,9237.13,10240
6677,Emre,19028.39,20480
6682,Ömer,8451.37,10240
6684,Fadime,0,0
6685,Serkan,10131.55,10240
6686,Emre,19250.39,20480
6688,Burak,9051.87,10240
6693,Süleyman,0,0
6695,Osman,0,0
6697,Osman,0,0
6698,Leyla,0,0
6700,Halil,0,0
6701,Hacer,0,0
6702,Burak,9588.77,10240
6706,Emre,19148.7,20480
6707,Yusuf,0,0
6711,Osman,0,0
6713,Yusuf,0,0
6715,Emre,0,0
6721,Tuğba,0,0
6723,Mahmut,16646.99,20480
6724,Osman,0,0
6726,Sultan,0,0
6728,Fatma,0,0
6729,Sevim,0,0
6732,Hakan,19574.78,20480
6420,Melek,0,0
6421,Enes,0,0
6422,Hacer,0,0
6424,Adem,19089.43,20480
6425,Fatih,0,0
6426,Emre,16869.23,20480
6427,Aysel,0,0
6434,Osman,0,0
6439,Rabia,0,0
6440,Yasin,19909.88,20480
6442,Yağmur,0,0
6443,Ayşegül,8917.22,10240
6445,Meryem,0,0
6446,Hülya,17494.12,20480
6448,Meryem,16131.14,20480
6450,Ayşe,0,0
6451,Hacer,0,0
6454,Hülya,0,0
6455,Muhammed,0,0
6460,Osman,16845.15,20480
6462,Hacer,9406.45,10240
6464,Aysel,0,0
6466,Serkan,18513.47,20480
6467,Songül,0,0
6469,Tuğba,0,0
6471,Zehra,0,0
6472,Furkan,16751.29,20480
6473,Ramazan,16058.96,20480
6474,Rabia,0,0
6476,Yasemin,0,0
6478,Adem,7979.54,10240
6479,Büşra,0,0
6482,Aynur,19378.86,20480
6484,Yusuf,0,0
6485,Songül,9442.09,10240
6486,Zehra,20200.49,20480
6487,Aysel,0,0
6488,Sultan,0,0
6489,Emre,17038.68,20480
6491,Elif,0,0
6493,Fadime,0,0
6503,Emine,8722.53,10240
6505,Dilek,8640.26,10240
6506,Yusuf,0,0
6509,Adem,0,0
6511,Hakan,0,0
6515,Fatma,18284.72,20480
6516,Serkan,0,0
6522,Dilek,8409.57,10240
6524,Süleyman,8635.29,10240
6527,Osman,0,0
6528,Emre,0,0
6534,Songül,0,0
6539,Yasemin,0,0
6540,Dilek,17985.05,20480
6543,Özlem,0,0
6545,Adem,0,0
6547,Adem,15969.81,20480
6548,Songül,0,0
6549,Osman,10203.99,10240
6551,Meryem,0,0
6553,Aysel,0,0
6558,Özlem,8644.43,10240
6564,Merve,0,0
6565,Songül,18186.16,20480
6567,Büşra,19971.86,20480
6571,Halil,0,0
6572,Merve,0,0
6573,Yağmur,16766.51,20480
6576,Recep,0,0
6264,Ayşe,0,0
6266,Ali,0,0
6267,Metin,9026.31,10240
6269,Zehra,0,0
6270,Hülya,0,0
6273,Zehra,0,0
6278,Osman,8663.2,10240
6282,Hacer,8193.01,10240
6283,Ali,0,0
6285,Songül,0,0
6286,Sultan,0,0
6287,Mehmet,8124.42,10240
6289,Havva,0,0
6290,Zehra,0,0
6292,Fadime,20049.74,20480
6295,Osman,19114.96,20480
6296,Sultan,0,0
6297,Ali,9026.3,10240
6300,Havva,17387.85,20480
6305,Merve,0,0
6307,Leyla,16975.95,20480
6312,Esra,17732.48,20480
6314,Yusuf,8542.12,10240
6315,Emine,9525.62,10240
6318,Hasan,0,0
6319,Emre,15422.96,20480
6325,Ramazan,0,0
6326,Yağmur,0,0
6329,Melek,16141.61,20480
6331,Yasemin,19387.39,20480
6333,Aysel,0,0
6338,Yusuf,0,0
6339,Kadir,0,0
6343,Hülya,16152.58,20480
6345,Fadime,18772.18,20480
6346,Ahmet,0,0
6348,Yasemin,0,0
6350,Hatice,0,0
6351,Songül,0,0
6352,Fatih,0,0
6354,Sultan,0,0
6355,Süleyman,0,0
6361,Emre,0,0
6363,Recep,0,0
6368,Mustafa,17654.94,20480
6372,Fatih,0,0
6375,Hülya,16975.83,20480
6376,Enes,18171.85,20480
6377,Adem,15854,20480
6378,Sultan,0,0
6379,Osman,18860.71,20480
6382,Esra,0,0
6383,Osman,0,0
6386,Mustafa,9784.15,10240
6389,Murat,0,0
6390,Fatma,17448.52,20480
6392,Fadime,15508.79,20480
6396,Büşra,0,0
6397,Emre,7847.4,10240
6398,Ahmet,0,0
6401,Hatice,9990.29,10240
6407,Mustafa,15899.31,20480
6408,Özlem,0,0
6411,Zeynep,16178.07,20480
6412,Sevim,15375.64,20480
6108,Yasin,0,0
6110,Ali,0,0
6113,Merve,18052.22,20480
6114,Furkan,0,0
6119,Mehmet,0,0
6123,Mustafa,7904.39,10240
6125,Ahmet,0,0
6127,Fatih,0,0
6128,Hatice,8035.38,10240
6130,Fadime,0,0
6131,Serkan,19832.9,20480
6136,Adem,0,0
6137,Fadime,0,0
6138,Yasemin,18083.94,20480
6139,Özlem,15426.85,20480
6140,Zehra,0,0
6141,Adem,0,0
6142,Ramazan,9868.78,10240
6143,Ayşegül,0,0
6144,Mustafa,0,0
6150,İsmail,9657.62,10240
6151,Muhammed,0,0
6154,Esra,0,0
6155,Sultan,8859.32,10240
6157,Ramazan,0,0
6160,Enes,0,0
6163,Fatih,19025.25,20480
6165,Zeynep,0,0
6166,Dilek,0,0
6167,Kübra,0,0
6168,Fatih,0,0
6169,Fatma,0,0
6173,Yağmur,0,0
6175,Kübra,15638.49,20480
6177,Ahmet,17996.89,20480
6178,Rabia,15487.75,20480
6182,Aynur,16145.01,20480
6185,Zehra,0,0
6187,Dilek,0,0
6191,İsmail,0,0
6193,Merve,17629.03,20480
6196,Hatice,0,0
6197,Yusuf,17402.77,20480
6198,Yasin,0,0
6200,Büşra,0,0
6204,Burak,9522.01,10240
6206,Leyla,7766.3,10240
6207,Yasin,0,0
6208,Fadime,0,0
6209,Hatice,0,0
6211,Elif,0,0
6213,Meryem,20131.82,20480
6214,Yağmur,0,0
6216,Hacer,0,0
6217,Melek,19181.3,20480
6219,Ayşe,17757.52,20480
6221,Yasin,0,0
6224,Meryem,0,0
6228,Emine,19305.42,20480
6230,Songül,16618.87,20480
6232,Özlem,0,0
6240,Elif,19581.51,20480
6243,Muhammed,0,0
6246,Fatih,0,0
6251,Serkan,18832.03,20480
6255,Fatih,19799.08,20480
6257,Adem,0,0
6260,Ömer,0,0
6261,Zehra,0,0
5952,Muhammed,0,0
5955,Zehra,8014.37,10240
5956,Mustafa,0,0
5959,Mustafa,0,0
5960,Hatice,9786.22,10240
5963,Tuğba,0,0
5964,Kübra,0,0
5967,Abdullah,0,0
5968,Merve,0,0
5970,Ramazan,8410.15,10240
5972,Ahmet,19815.58,20480
5973,Kübra,0,0
5974,Adem,0,0
5977,Ali,19721.65,20480
5979,Yasin,0,0
5980,Merve,0,0
5981,Büşra,15842.99,20480
5984,Enes,17926.98,20480
5985,Esra,0,0
5986,Hatice,15927.6,20480
5987,Songül,0,0
5996,Aysel,0,0
5998,Fatih,0,0
6000,Fatih,0,0
6001,Özlem,0,0
6002,Özlem,0,0
6003,Yusuf,20272.21,20480
6005,Havva,18673.82,20480
6008,Furkan,0,0
6010,Rabia,0,0
6011,Hatice,15416.03,20480
6012,Murat,0,0
6013,Hakan,9392.13,10240
6014,Mahmut,0,0
6015,Hasan,0,0
6016,Murat,0,0
6017,Fatma,0,0
6018,Ahmet,16936.28,20480
6019,Yağmur,16130.73,20480
6021,Yasemin,15532.36,20480
6022,Büşra,15555.76,20480
6024,Ali,0,0
6025,Büşra,0,0
6027,Fadime,0,0
6029,Mustafa,18354.97,20480
6033,Özlem,0,0
6036,Ahmet,0,0
6040,Dilek,9411.18,10240
6041,Ahmet,0,0
6043,Süleyman,0,0
6044,Merve,0,0
6045,Halil,15993.27,20480
6046,Mahmut,9962.21,10240
6047,Zeynep,19781.16,20480
6048,Fatma,19532.99,20480
6050,Sultan,17036.77,20480
6052,Fadime,19579.33,20480
6054,Kübra,0,0
6059,Merve,0,0
6061,Hacer,0,0
6063,Kübra,0,0
6065,Dilek,18145.32,20480
6067,Fadime,0,0
6069,Murat,17829.38,20480
6071,Sevim,0,0
6075,Emine,0,0
6077,Muhammed,19527.76,20480
6082,Zehra,19948.38,20480
6084,Zehra,0,0
6089,Aynur,0,0
6091,Mustafa,15610.58,20480
6098,Fatma,10219.81,10240
6102,Adem,8480.25,10240
6107,Tuğba,0,0
5795,Yağmur,8255.92,10240
5797,Özlem,0,0
5798,Hakan,7904.08,10240
5799,Zeynep,0,0
5800,Ömer,0,0
5801,Metin,0,0
5802,Mustafa,15582.62,20480
5803,Havva,0,0
5805,Hacer,18558.82,20480
5806,Zehra,17751.73,20480
5809,Yasin,8121.44,10240
5810,Merve,17192.88,20480
5811,Rabia,19230.12,20480
5813,Hülya,0,0
5815,Dilek,18835.27,20480
5816,Recep,0,0
5825,Hacer,0,0
5827,Mehmet,19244.92,20480
5828,Ayşegül,17267.29,20480
5832,Mehmet,0,0
5833,Hakan,15494.01,20480
5834,Yusuf,0,0
5836,İsmail,0,0
5837,Recep,18418.52,20480
5839,Yağmur,0,0
5841,Ayşegül,10187.14,10240
5843,Elif,18053.98,20480
5844,Furkan,0,0
5845,Sultan,0,0
5846,Sevim,9518.95,10240
5847,Ramazan,0,0
5848,Özlem,0,0
5850,Fadime,0,0
5851,İsmail,16815.2,20480
5852,Ömer,16968.12,20480
5853,Rabia,9093.92,10240
5857,Dilek,8785.99,10240
5859,Elif,9896.02,10240
5860,Hatice,0,0
5864,Zeynep,0,0
5866,Serkan,17708.44,20480
5869,Osman,15862.31,20480
5871,Metin,0,0
5872,Adem,0,0
5874,Sultan,0,0
5878,Adem,17908.05,20480
5881,Murat,0,0
5882,Enes,9558.27,10240
5885,Hasan,20063.66,20480
5887,Emre,9801.41,10240
5888,Yağmur,8091.48,10240
5889,Kadir,0,0
5892,Fatma,15740.16,20480
5893,Ali,0,0
5894,Kadir,0,0
5895,Osman,0,0
5898,Abdullah,15485.27,20480
5899,Aysel,17902.64,20480
5900,Hülya,8622.13,10240
5906,Osman,0,0
5915,Ahmet,0,0
5916,Ahmet,19131.94,20480
5918,Burak,18435.37,20480
5920,Kadir,18100.84,20480
5922,Ali,17742.7,20480
5924,Halil,0,0
5925,Hacer,0,0
5926,Ayşe,0,0
5929,Serkan,18547.47,20480
5931,Ayşegül,19692.92,20480
5932,Ali,16766.68,20480
5936,Yağmur,0,0
5940,Zehra,10157.86,10240
5941,Metin,7830.23,10240
5942,Mustafa,0,0
5945,Sevim,19456.66,20480
5946,Ömer,0,0
5947,Yağmur,9642.91,10240
5948,Dilek,17299.39,20480
5950,Osman,0,0
5637,İsmail,0,0
5638,Abdullah,0,0
5639,Sevim,17550.99,20480
5643,Merve,7973.61,10240
5644,Sultan,0,0
5646,Merve,8109.24,10240
5647,Mehmet,17200.24,20480
5648,Recep,19709.36,20480
5649,Ayşegül,0,0
5650,Leyla,0,0
5651,Hülya,16452.12,20480
5652,Serkan,17060.74,20480
5655,Emine,0,0
5656,Emre,0,0
5657,Kadir,0,0
5658,Sevim,0,0
5660,Ahmet,0,0
5667,Rabia,0,0
5668,Enes,16808.48,20480
5669,Esra,18715.98,20480
5670,Fatih,8240.65,10240
5675,Serkan,17143.25,20480
5676,Adem,0,0
5679,Kadir,0,0
5682,Kadir,0,0
5684,Merve,0,0
5690,Fadime,0,0
5692,Aynur,0,0
5693,Meryem,17617.26,20480
5699,Halil,0,0
5701,Büşra,20043.39,20480
5703,Aynur,8230.19,10240
5707,Aysel,0,0
5709,Melek,0,0
5713,Aynur,16684.6,20480
5717,Yusuf,0,0
5718,Hasan,0,0
5719,Aysel,0,0
5720,Sevim,16120.72,20480
5723,Hasan,0,0
5724,Mustafa,8319.27,10240
5725,Emine,0,0
5727,Serkan,7771.09,10240
5729,Meryem,0,0
5730,Mehmet,19991.12,20480
5731,Kübra,16294.48,20480
5734,Zeynep,19042.83,20480
5736,Leyla,0,0
5738,Ali,0,0
5740,Tuğba,0,0
5741,Osman,0,0
5743,Yusuf,17937.11,20480
5744,İsmail,0,0
5747,Fatma,0,0
5749,Recep,0,0
5753,Yağmur,0,0
5754,Zeynep,7870.15,10240
5755,Yasin,0,0
5756,Aysel,0,0
5757,Hülya,0,0
5758,Hacer,0,0
5759,Hacer,0,0
5762,Havva,0,0
5765,Osman,19941.7,20480
5766,Melek,0,0
5771,Fadime,0,0
5775,Ayşegül,0,0
5789,Recep,0,0
5791,Fatma,10177.56,10240
5793,Hakan,15725.11,20480
5794,Hasan,0,0
5483,Hacer,17342.17,20480
5484,Zehra,18954.38,20480
5487,Leyla,9380.65,10240
5490,Murat,0,0
5491,Fatih,0,0
5495,Özlem,18631.08,20480
5496,Yasemin,9598.79,10240
5497,Ayşegül,8190.21,10240
5499,Büşra,0,0
5501,Ayşegül,0,0
5502,Ayşegül,19851.99,20480
5503,Sevim,10024.16,10240
5505,Fadime,0,0
5510,Ömer,19610.25,20480
5513,Enes,0,0
5515,Yağmur,0,0
5516,Fadime,16914.39,20480
5517,Burak,0,0
5522,Rabia,16554,20480
5525,Yasemin,9628.26,10240
5527,Yasin,0,0
5529,Burak,9305.65,10240
5530,Havva,0,0
5536,Zeynep,0,0
5539,Melek,0,0
5542,Leyla,0,0
5543,Melek,0,0
5544,Merve,0,0
5545,Halil,19920.58,20480
5546,Tuğba,8470.47,10240
5547,İbrahim,0,0
5548,Mustafa,16085.65,20480
5555,Songül,0,0
5556,Süleyman,0,0
5559,Yağmur,15959.12,20480
5560,Yasemin,19032.37,20480
5561,Metin,17961.99,20480
5564,Abdullah,10151.56,10240
5566,Dilek,9162.89,10240
5568,Mahmut,16036.86,20480
5570,Enes,8170.71,10240
5571,Metin,0,0
5577,Hakan,0,0
5578,Yasemin,0,0
5579,Leyla,0,0
5582,Esra,0,0
5586,Aysel,0,0
5591,Melek,0,0
5593,Süleyman,0,0
5594,Abdullah,7998.24,10240
5595,Melek,16509.49,20480
5602,Halil,0,0
5603,Hakan,0,0
5604,Fatih,0,0
5607,Yasin,0,0
5610,Ahmet,0,0
5611,Osman,17335.3,20480
5614,Aysel,0,0
5616,Enes,19298.16,20480
5617,Yasin,0,0
5618,Dilek,0,0
5619,Elif,9601.12,10240
5622,Melek,0,0
5623,Meryem,20476.27,20480
5624,Yağmur,16097.95,20480
5628,Adem,0,0
5630,Murat,0,0
5632,Ahmet,9011.89,10240
5634,Rabia,20184.73,20480
5636,Rabia,0,0
5327,Havva,0,0
5330,Tuğba,0,0
5331,İbrahim,0,0
5332,Tuğba,0,0
5334,Rabia,0,0
5337,Yasemin,0,0
5338,Hakan,0,0
5339,Adem,0,0
5340,Aysel,19350.38,20480
5341,Recep,0,0
5342,Serkan,0,0
5343,Emre,0,0
5347,Hüseyin,8777.27,10240
5348,Ayşe,20091.37,20480
5350,Serkan,16457.39,20480
5351,Emine,17531.25,20480
5355,Kübra,19571.41,20480
5359,Aynur,19333.04,20480
5362,Mustafa,9413.81,10240
5363,Elif,0,0
5365,İsmail,0,0
5366,Ayşegül,0,0
5367,Özlem,20159.21,20480
5371,Murat,18707.53,20480
5372,Ali,0,0
5375,Tuğba,16410.01,20480
5378,Burak,0,0
5383,Yağmur,15788.09,20480
5386,Melek,0,0
5392,Yağmur,0,0
5394,Büşra,0,0
5396,Recep,17785.86,20480
5397,Burak,0,0
5400,Yasemin,0,0
5403,Rabia,0,0
5406,Sultan,9432.42,10240
5410,Tuğba,18791.04,20480
5414,Tuğba,0,0
5415,Ayşegül,0,0
5420,Hülya,0,0
5425,İsmail,9385.54,10240
5426,Halil,0,0
5427,Leyla,0,0
5435,Abdullah,0,0
5437,Adem,0,0
5438,Enes,20340.75,20480
5439,Osman,9620.96,10240
5440,Ali,18205.65,20480
5442,Adem,0,0
5445,Hülya,16419.53,20480
5446,Havva,0,0
5449,Leyla,19534.77,20480
5453,Songül,0,0
5454,Hülya,0,0
5456,Ayşegül,0,0
5457,İsmail,20393.87,20480
5462,Tuğba,9697.75,10240
5465,Ahmet,0,0
5467,Serkan,0,0
5468,Melek,0,0
5469,Mehmet,0,0
5477,Yasin,0,0
5478,Kadir,0,0
5479,Melek,9768.25,10240
5480,Hasan,0,0
5481,Dilek,18070.75,20480
5171,Dilek,0,0
5174,Zeynep,18427.63,20480
5179,Süleyman,9426.14,10240
5183,Hüseyin,0,0
5186,Fatih,19012.99,20480
5191,Emine,0,0
5194,Fatih,0,0
5199,Yasemin,8522.02,10240
5201,Emine,8298.52,10240
5204,Hacer,0,0
5208,Serkan,15381.97,20480
5209,Hüseyin,7827.93,10240
5214,Metin,0,0
5215,Fatma,0,0
5216,Sevim,19778.03,20480
5218,Meryem,8322.88,10240
5219,Süleyman,18922.04,20480
5220,Mustafa,15415.1,20480
5228,Hüseyin,0,0
5230,Yağmur,0,0
5232,Fadime,18585.36,20480
5233,Ali,0,0
5236,Aysel,0,0
5238,Metin,0,0
5240,Emre,19413.96,20480
5241,Hülya,19844.65,20480
5242,Fatma,0,0
5243,Ahmet,8402.51,10240
5244,Enes,0,0
5246,Hülya,18484.66,20480
5248,Fatma,0,0
5258,Büşra,0,0
5260,Özlem,15800.87,20480
5261,Meryem,0,0
5263,Enes,15769.39,20480
5266,Hasan,0,0
5268,Halil,9431.62,10240
5269,Adem,9488.83,10240
5270,Fatma,0,0
5271,Ayşegül,0,0
5276,Mustafa,19115.78,20480
5277,Enes,0,0
5279,Süleyman,8200.18,10240
5281,Burak,0,0
5282,Dilek,0,0
5286,Recep,7827.42,10240
5289,Yasemin,0,0
5290,Elif,8471.85,10240
5295,Murat,0,0
5298,Hasan,18034.26,20480
5303,Esra,0,0
5311,Rabia,0,0
5312,Adem,0,0
5313,Süleyman,15536.78,20480
5314,Dilek,19496.42,20480
5317,Hasan,0,0
5318,Büşra,0,0
5319,Burak,0,0
5320,Adem,0,0
5012,Yağmur,0,0
5015,Sevim,0,0
5016,Hülya,8420.96,10240
5017,İsmail,0,0
5018,Yağmur,18361.71,20480
5022,Emre,0,0
5023,Recep,0,0
5025,Enes,0,0
5026,Merve,19669.21,20480
5027,Murat,0,0
5028,Sultan,0,0
5032,Yağmur,17251.37,20480
5033,Zehra,0,0
5039,Emre,0,0
5041,Kübra,8695.65,10240
5042,Abdullah,0,0
5044,Songül,0,0
5047,Fadime,9101.85,10240
5051,Ramazan,0,0
5052,Elif,0,0
5053,Hacer,16667.53,20480
5054,Havva,0,0
5056,Hasan,0,0
5057,Rabia,0,0
5059,Hülya,0,0
5065,Recep,8926.73,10240
5069,Songül,18820.69,20480
5072,Esra,0,0
5074,Aysel,17078.36,20480
5076,Aynur,0,0
5077,Hasan,8115.02,10240
5078,İbrahim,0,0
5079,Zehra,0,0
5080,Fadime,16420.83,20480
5081,Fatma,9448.35,10240
5082,Fadime,8344.49,10240
5083,Songül,18864.34,20480
5085,Burak,16569.7,20480
5086,Recep,19286.39,20480
5091,Mustafa,0,0
5093,Ayşegül,15490.87,20480
5095,Adem,17555.16,20480
5097,Ayşegül,18967.56,20480
5103,Esra,0,0
5105,Rabia,0,0
5107,Mustafa,19505.13,20480
5111,Osman,0,0
5112,Özlem,8929.03,10240
5113,Kübra,9819,10240
5114,Özlem,8736.8,10240
5115,Ayşe,0,0
5117,Murat,18001.81,20480
5118,Fadime,0,0
5119,Adem,9743.78,10240
5120,İbrahim,19095.35,20480
5121,Zehra,19555.55,20480
5124,İbrahim,0,0
5125,Zehra,19985.61,20480
5129,Yasin,0,0
5132,Burak,9975.76,10240
5134,Hasan,8146.02,10240
5135,Leyla,0,0
5136,Meryem,0,0
5138,Merve,9814.58,10240
5147,Fatma,0,0
5148,Sultan,0,0
5149,Serkan,18033.02,20480
5152,İbrahim,0,0
5153,Ahmet,19586.01,20480
5154,Zehra,0,0
5155,Songül,16612.4,20480
5157,Kübra,19850.74,20480
5161,Burak,16533.24,20480
5163,Fatih,0,0
5165,Kadir,8242.15,10240
5166,Aysel,7763.32,10240
5167,Tuğba,17395.21,20480
4857,Recep,10163.23,10240
4859,Fatih,0,0
4860,Furkan,0,0
4863,Abdullah,0,0
4867,Süleyman,16269.2,20480
4868,Serkan,0,0
4874,Zehra,0,0
4878,Esra,18014.2,20480
4879,Yusuf,0,0
4880,Fatma,0,0
4887,Adem,0,0
4888,Büşra,17568.63,20480
4889,Mehmet,0,0
4891,Enes,15577.91,20480
4892,Abdullah,0,0
4896,Yasemin,0,0
4897,Yasemin,0,0
4901,Serkan,0,0
4904,Ayşe,0,0
4906,Murat,18725.46,20480
4907,Halil,8177.82,10240
4911,Özlem,8180.65,10240
4914,Hakan,17300.54,20480
4915,Fadime,18201.9,20480
4916,Songül,0,0
4920,Osman,0,0
4922,Halil,0,0
4926,Ayşegül,0,0
4927,Fadime,20448.91,20480
4928,Sultan,8421.3,10240
4930,Yağmur,16774.86,20480
4932,Fatih,0,0
4936,Dilek,0,0
4937,Melek,0,0
4938,Hakan,0,0
4940,Süleyman,0,0
4941,Hülya,8704.02,10240
4942,Furkan,9718.46,10240
4943,Leyla,18724.33,20480
4947,Ahmet,7908.17,10240
4948,Hacer,0,0
4954,Enes,0,0
4955,Ali,7815.56,10240
4956,Leyla,0,0
4959,Yağmur,20365.54,20480
4960,Hacer,0,0
4961,Hakan,8501.9,10240
4962,Osman,0,0
4963,Ahmet,0,0
4970,Kübra,18851.01,20480
4971,Hakan,0,0
4975,Yağmur,0,0
4981,Osman,0,0
4982,Adem,0,0
4983,Yusuf,19236.67,20480
4984,Meryem,0,0
4986,Özlem,0,0
4987,Hakan,20376.3,20480
4988,Esra,18477.1,20480
4990,Rabia,0,0
4992,Özlem,19640.92,20480
4993,Hacer,18623.01,20480
4995,Yasemin,0,0
4996,Songül,8011.89,10240
4997,Hatice,16995.02,20480
4999,Recep,9946.59,10240
5000,Burak,0,0
5002,Hacer,0,0
5003,Hülya,0,0
5004,Süleyman,0,0
5005,Zehra,0,0
5006,Yasemin,9576.13,10240
5007,Yasemin,0,0
5011,Merve,0,0
4701,Recep,0,0
4702,Recep,18466.53,20480
4704,Ahmet,15454.9,20480
4706,Murat,20403.39,20480
4710,Zehra,0,0
4711,Aynur,8932.16,10240
4713,Hülya,19472.32,20480
4715,Rabia,0,0
4716,Büşra,8532.79,10240
4717,Hakan,0,0
4718,Havva,0,0
4720,Kadir,10046.01,10240
4722,Ayşegül,0,0
4723,Zeynep,0,0
4725,İsmail,0,0
4730,Ali,16697.73,20480
4733,Osman,0,0
4734,Mustafa,0,0
4736,Emine,8032.49,10240
4737,Hacer,0,0
4745,Hakan,15741.16,20480
4746,Aynur,0,0
4747,Yağmur,0,0
4748,İsmail,0,0
4749,Aynur,20460.43,20480
4750,Halil,0,0
4752,Yağmur,0,0
4754,Fatma,18208.49,20480
4756,Aysel,16065.74,20480
4757,Elif,0,0
4758,Hülya,0,0
4759,Murat,18547.95,20480
4760,Abdullah,18644.63,20480
4766,Elif,8226.79,10240
4770,Emre,0,0
4771,Abdullah,0,0
4775,Kadir,8112.51,10240
4776,Hülya,0,0
4779,Büşra,0,0
4780,Muhammed,0,0
4782,Özlem,0,0
4783,Serkan,0,0
4785,Dilek,0,0
4791,Merve,0,0
4798,Aynur,0,0
4800,Süleyman,0,0
4802,Esra,18935.12,20480
4804,Yasin,0,0
4806,Melek,0,0
4807,Zehra,19739.11,20480
4808,Hasan,18186.29,20480
4817,Büşra,0,0
4819,Ayşe,0,0
4820,Metin,0,0
4826,Metin,7854.79,10240
4827,Muhammed,18358.66,20480
4830,Ömer,0,0
4831,Furkan,0,0
4832,Kübra,0,0
4834,Fatih,8233.66,10240
4835,Mustafa,7908.29,10240
4842,Leyla,0,0
4845,Fatih,9926.02,10240
4850,Hülya,0,0
4851,Ramazan,17226.52,20480
4541,Emine,9798.89,10240
4543,Elif,0,0
4545,Esra,7945.49,10240
4551,Fatih,16761.03,20480
4553,İbrahim,16649.05,20480
4555,Özlem,0,0
4556,Meryem,0,0
4558,Merve,0,0
4560,Sultan,9905.49,10240
4561,Ali,0,0
4563,Enes,0,0
4564,Yusuf,0,0
4567,Leyla,0,0
4570,Serkan,0,0
4571,Yağmur,9858.42,10240
4572,Meryem,19172.39,20480
4576,Songül,9986.48,10240
4578,Büşra,0,0
4581,Recep,16745.71,20480
4588,Havva,17582.89,20480
4589,Zehra,0,0
4595,Adem,0,0
4599,Kadir,0,0
4602,Yasin,0,0
4606,Recep,0,0
4608,Fatma,17141.9,20480
4611,Osman,0,0
4615,Metin,19012.09,20480
4617,Yağmur,9064.91,10240
4618,İbrahim,0,0
4619,Leyla,9066.39,10240
4620,Yağmur,0,0
4621,Esra,0,0
4624,Dilek,0,0
4626,Kadir,17422.09,20480
4627,Songül,16597.36,20480
4628,Recep,9700.75,10240
4629,Kübra,10007.03,10240
4634,Aynur,19678.8,20480
4637,Rabia,0,0
4640,Muhammed,18825.45,20480
4643,Özlem,9325.91,10240
4644,Rabia,0,0
4647,Zehra,0,0
4650,İsmail,0,0
4655,Büşra,20177.76,20480
4656,Ramazan,18937.62,20480
4657,Elif,0,0
4658,Ayşegül,0,0
4659,Leyla,0,0
4660,Ömer,0,0
4665,Fatma,0,0
4676,Sevim,19192.49,20480
4677,Leyla,19478.37,20480
4678,Melek,0,0
4680,Mehmet,0,0
4682,Ali,0,0
4683,Serkan,9935.32,10240
4685,Esra,0,0
4687,Melek,16080.9,20480
4690,Burak,0,0
4692,Emre,16644.64,20480
4693,Merve,0,0
4697,Merve,0,0
4698,Adem,10013.93,10240
4385,Havva,19263.55,20480
4387,Ömer,16890.36,20480
4388,Ömer,9403.51,10240
4389,Murat,0,0
4392,Osman,0,0
4393,Furkan,9357.92,10240
4394,Burak,18214.64,20480
4396,Ramazan,18862.21,20480
4398,İsmail,20384.84,20480
4399,Adem,8716.59,10240
4400,Yasin,0,0
4403,Kübra,18458.15,20480
4404,Melek,9346.37,10240
4406,Sevim,16516.29,20480
4407,Fatih,0,0
4408,Aysel,15719.35,20480
4409,Yasemin,0,0
4410,Zehra,0,0
4411,Songül,0,0
4412,Zehra,0,0
4413,Fatma,9626.89,10240
4414,Murat,18333.97,20480
4415,Ayşe,17955.94,20480
4416,Enes,0,0
4417,Hakan,0,0
4419,Merve,0,0
4423,Fatma,17216.69,20480
4424,Adem,0,0
4425,Hacer,0,0
4427,Sultan,0,0
4428,Sultan,0,0
4429,Sultan,0,0
4430,Mustafa,0,0
4433,Esra,17373.34,20480
4434,Ayşe,10014.36,10240
4437,Fadime,0,0
4438,Hülya,0,0
4439,Havva,8099.85,10240
4440,Fadime,0,0
4441,Emre,8560.07,10240
4443,Süleyman,17807.93,20480
4445,Ahmet,0,0
4446,Abdullah,15675.04,20480
4447,Adem,0,0
4448,Muhammed,18240.77,20480
4449,Fadime,20000.64,20480
4451,İsmail,15491.73,20480
4452,Hülya,0,0
4456,Abdullah,16737.33,20480
4457,Merve,0,0
4460,Mehmet,18115.45,20480
4465,Enes,19523.96,20480
4467,Hacer,17670.41,20480
4469,Aynur,8868.45,10240
4470,Hüseyin,10120.37,10240
4472,İbrahim,0,0
4474,Emine,19453.41,20480
4475,Emre,18849.47,20480
4476,Havva,18156.03,20480
4477,Dilek,16947.03,20480
4479,Mahmut,10105.33,10240
4484,Melek,8983.04,10240
4485,Zeynep,16890.69,20480
4486,Kübra,0,0
4487,Leyla,0,0
4489,Elif,9867.48,10240
4490,Havva,16762.36,20480
4491,Emre,0,0
4494,Süleyman,19521.94,20480
4498,Merve,0,0
4499,Esra,0,0
4500,Mustafa,0,0
4501,Hacer,0,0
4503,Ahmet,8979.15,10240
4505,Fatma,17322.32,20480
4509,Yusuf,0,0
4512,Fatih,18376,20480
4513,Mustafa,19058.35,20480
4517,Hacer,0,0
4519,Burak,0,0
4520,Zehra,0,0
4521,Rabia,20055.55,20480
4523,Sultan,16150.8,20480
4524,Süleyman,18892.19,20480
4527,Murat,0,0
4530,Yasin,0,0
4532,Fatma,0,0
4537,Özlem,8140.12,10240
4538,Ayşe,16360.81,20480
4225,Serkan,18969.07,20480
4227,Merve,9175.16,10240
4228,Enes,0,0
4229,Fatih,10145.12,10240
4231,Süleyman,0,0
4236,Yasin,0,0
4241,Hülya,19402.53,20480
4245,Songül,0,0
4246,Fadime,16839.62,20480
4247,Fatih,0,0
4249,Elif,0,0
4250,Dilek,0,0
4254,Ömer,0,0
4256,Halil,0,0
4259,Ramazan,0,0
4263,Elif,9575.12,10240
4265,Ramazan,18870.3,20480
4267,İsmail,8170.61,10240
4268,Ayşe,0,0
4269,Büşra,0,0
4276,Murat,0,0
4281,Yasemin,0,0
4282,Fatih,17865.8,20480
4283,Hatice,0,0
4284,Emre,17714.81,20480
4285,Halil,8253.46,10240
4290,Ramazan,19507.33,20480
4292,Ahmet,0,0
4293,Aynur,0,0
4294,Süleyman,0,0
4295,Muhammed,9713.37,10240
4297,Emine,0,0
4298,Süleyman,17214.05,20480
4299,Ali,16229.72,20480
4300,Hüseyin,0,0
4302,Serkan,0,0
4303,Hasan,9125.1,10240
4305,Dilek,16167.15,20480
4306,Havva,9885.4,10240
4307,Aysel,7857.51,10240
4315,Murat,9659.96,10240
4316,Metin,0,0
4317,Emre,0,0
4319,Aynur,0,0
4323,Kübra,9547.46,10240
4324,Enes,0,0
4325,Recep,10093.32,10240
4328,Murat,19475.73,20480
4329,Fatma,8880.76,10240
4330,Fadime,15997.07,20480
4331,Hatice,18731.1,20480
4332,Merve,8307.55,10240
4334,Yasemin,0,0
4335,Ramazan,0,0
4337,Mustafa,0,0
4339,Leyla,0,0
4341,Fadime,20163.06,20480
4342,Ahmet,0,0
4343,Ömer,0,0
4350,Leyla,0,0
4353,Mustafa,0,0
4363,Mustafa,17409.38,20480
4364,Fadime,0,0
4365,Leyla,0,0
4369,Elif,0,0
4371,Hacer,9509.79,10240
4373,Elif,0,0
4380,Rabia,0,0
4067,Hülya,0,0
4068,Kübra,0,0
4070,Zehra,0,0
4071,Songül,8635.07,10240
4072,İbrahim,0,0
4073,Emine,0,0
4075,Adem,0,0
4076,Serkan,0,0
4077,Hacer,0,0
4080,Yasin,0,0
4083,Ayşe,0,0
4086,Yağmur,0,0
4088,Fatih,0,0
4089,Mahmut,18846.02,20480
4091,Zeynep,0,0
4093,Büşra,8974.9,10240
4095,Recep,0,0
4099,Ahmet,0,0
4100,Meryem,0,0
4104,Ömer,0,0
4107,Dilek,7704.33,10240
4108,Abdullah,0,0
4110,Esra,0,0
4111,Süleyman,0,0
4113,Sultan,19511.09,20480
4119,Zehra,0,0
4123,Fatih,0,0
4125,Emre,0,0
4130,Sultan,0,0
4131,Havva,20107.68,20480
4135,Tuğba,0,0
4140,Metin,8872.21,10240
4141,Esra,0,0
4143,Yağmur,0,0
4145,Süleyman,0,0
4148,Metin,8332.48,10240
4149,İbrahim,0,0
4150,Zeynep,0,0
4155,Büşra,0,0
4157,Osman,18613.29,20480
4158,Hülya,0,0
4161,Enes,19266.16,20480
4162,Zehra,0,0
4165,Ramazan,16688.14,20480
4166,Muhammed,0,0
4167,Sevim,16007.5,20480
4169,Fadime,18177.6,20480
4171,Süleyman,0,0
4173,Enes,0,0
4176,Sevim,18847.18,20480
4178,Büşra,16526.21,20480
4181,İbrahim,16241.15,20480
4184,Ayşe,0,0
4185,Mustafa,0,0
4187,Leyla,18055.4,20480
4188,Kadir,10108.33,10240
4192,Osman,0,0
4193,Sultan,0,0
4194,Özlem,0,0
4197,İsmail,15547.03,20480
4199,Mehmet,18121.7,20480
4203,Yasin,0,0
4207,Zeynep,8653.09,10240
4208,Kadir,0,0
4212,Fatih,0,0
4214,Sultan,8579.6,10240
4216,Kadir,0,0
3913,Burak,15713.38,20480
3914,İbrahim,0,0
3919,Kadir,0,0
3920,Sevim,16628.49,20480
3922,Furkan,0,0
3923,Dilek,18357.06,20480
3927,Burak,0,0
3930,Abdullah,0,0
3932,Kadir,19059.37,20480
3933,İsmail,16956.21,20480
3937,Hasan,17535.27,20480
3938,Recep,19827.29,20480
3944,Büşra,0,0
3945,Emine,20271.51,20480
3947,Adem,0,0
3950,Zehra,0,0
3951,Aysel,9058.63,10240
3955,Hakan,0,0
3956,Yasemin,0,0
3957,Emine,0,0
3961,Osman,20426.25,20480
3963,Sultan,18107.54,20480
3964,Emre,0,0
3968,Fadime,0,0
3969,Melek,0,0
3973,Dilek,0,0
3974,Recep,17191.01,20480
3975,Özlem,0,0
3978,Yasin,0,0
3979,Ayşegül,0,0
3981,Yusuf,16652.61,20480
3987,Dilek,0,0
3992,Meryem,0,0
3999,Fadime,17283.3,20480
4000,Meryem,0,0
4001,Büşra,10227.91,10240
4003,Kadir,0,0
4004,Zehra,0,0
4013,Ayşegül,0,0
4018,Abdullah,16011.46,20480
4019,Kadir,8131.92,10240
4022,Havva,9180.93,10240
4025,Hatice,0,0
4034,Sultan,0,0
4037,Havva,0,0
4038,Kadir,0,0
4039,Fadime,0,0
4041,Havva,0,0
4043,Dilek,0,0
4044,Ayşe,18373.96,20480
4045,Esra,0,0
4047,Abdullah,0,0
4054,Yağmur,0,0
4060,Meryem,17698.99,20480
4061,İbrahim,18921.71,20480
4063,Recep,0,0
4065,Mustafa,0,0
3756,Süleyman,0,0
3760,Kübra,10125.61,10240
3761,Metin,0,0
3765,Ayşegül,17702.66,20480
3767,Emre,19686.28,20480
3773,Fadime,17784.68,20480
3774,Yusuf,9338.39,10240
3780,Adem,0,0
3782,Ramazan,0,0
3783,Havva,8663.9,10240
3784,Süleyman,15979.44,20480
3785,Zehra,0,0
3786,Osman,16570.97,20480
3789,Hüseyin,0,0
3792,Ahmet,18653.6,20480
3793,Emre,0,0
3794,Sevim,0,0
3795,İbrahim,0,0
3796,Fadime,0,0
3797,Ali,19793.38,20480
3798,Süleyman,0,0
3802,İsmail,0,0
3803,Büşra,0,0
3806,Yasemin,0,0
3808,Metin,20037.36,20480
3814,Zeynep,0,0
3816,Muhammed,0,0
3817,Rabia,0,0
3818,Sevim,0,0
3819,Hasan,16514.72,20480
3821,Serkan,0,0
3825,Serkan,9000.6,10240
3826,Elif,0,0
3827,Yusuf,18247.93,20480
3828,Melek,0,0
3835,Elif,16547.6,20480
3836,Ahmet,0,0
3837,Adem,0,0
3842,Serkan,0,0
3845,Kübra,0,0
3846,Rabia,0,0
3849,Ahmet,19317.77,20480
3852,Ahmet,0,0
3854,Ahmet,9593.37,10240
3857,Yağmur,0,0
3858,Enes,18309.35,20480
3859,Murat,0,0
3861,Emre,0,0
3863,İbrahim,8012.37,10240
3864,Havva,0,0
3865,Tuğba,0,0
3868,Aysel,0,0
3870,Muhammed,0,0
3879,Melek,9099.08,10240
3883,Esra,0,0
3887,Fatma,16635.23,20480
3888,Aynur,7905.35,10240
3889,Metin,0,0
3895,Burak,17718.17,20480
3896,Fadime,16709.64,20480
3898,Recep,0,0
3899,Sevim,18970.86,20480
3901,Meryem,0,0
3904,Hacer,0,0
3905,Leyla,8750.21,10240
3907,Tuğba,0,0
3599,Furkan,0,0
3600,Ahmet,0,0
3608,Emine,0,0
3609,Fatma,8831.13,10240
3612,Hacer,0,0
3613,Murat,9450.73,10240
3614,Yusuf,0,0
3620,Metin,18724.49,20480
3621,Havva,9255.32,10240
3625,Hacer,9930.82,10240
3629,Halil,19529.37,20480
3631,İbrahim,0,0
3633,Hülya,8840.22,10240
3640,Büşra,15402.34,20480
3641,Zeynep,0,0
3643,Leyla,19286,20480
3644,Hasan,16847.09,20480
3645,Recep,15369.76,20480
3646,Tuğba,0,0
3647,Songül,0,0
3664,Emre,18353.73,20480
3665,Fadime,17974.38,20480
3666,Ayşegül,0,0
3667,Osman,0,0
3668,Ayşegül,15718.83,20480
3670,Tuğba,8756.8,10240
3673,Melek,17004.53,20480
3677,Ayşe,9776.04,10240
3679,Aysel,16136.16,20480
3680,Zeynep,0,0
3681,Zehra,9196.73,10240
3683,Zeynep,8452.73,10240
3684,Ahmet,0,0
3689,Kadir,0,0
3690,Hatice,0,0
3692,İbrahim,0,0
3693,Aysel,20009.96,20480
3694,Recep,17107.08,20480
3696,Recep,19905.26,20480
3697,Emre,0,0
3700,Burak,18594.55,20480
3703,Yusuf,0,0
3705,Ayşegül,18954.96,20480
3706,Adem,0,0
3707,Tuğba,0,0
3709,Yasin,16271.38,20480
3711,Hakan,0,0
3712,Özlem,10148.2,10240
3713,Fadime,0,0
3714,Mahmut,17405.23,20480
3717,Ayşegül,0,0
3718,Hatice,0,0
3719,Yağmur,0,0
3720,Esra,17200.32,20480
3721,Recep,0,0
3723,Sevim,0,0
3724,Rabia,0,0
3727,Esra,9843.65,10240
3728,Osman,16153.28,20480
3734,Abdullah,0,0
3741,Ramazan,0,0
3742,Songül,0,0
3743,Sevim,16261.74,20480
3744,Hakan,18616.04,20480
3748,Aysel,0,0
3750,Zeynep,0,0
3752,Yasemin,9480.34,10240
3445,Kübra,0,0
3452,Süleyman,19134.08,20480
3457,Ömer,0,0
3458,Kübra,17676.19,20480
3459,Havva,0,0
3461,Burak,0,0
3462,Aynur,0,0
3466,Hakan,8924.29,10240
3467,Fatih,18533.39,20480
3472,Hakan,0,0
3475,Fatma,8124.16,10240
3480,Osman,19097.61,20480
3481,Osman,0,0
3482,Havva,18551.03,20480
3483,Ali,18776.26,20480
3493,Fadime,0,0
3495,Rabia,10024.43,10240
3496,Songül,0,0
3499,Metin,15991.28,20480
3500,Adem,8244.01,10240
3502,Murat,9793.72,10240
3505,Elif,0,0
3507,Zehra,8965.53,10240
3510,Furkan,0,0
3511,Esra,19469.67,20480
3514,Ahmet,0,0
3515,Merve,0,0
3516,Fatih,0,0
3517,Havva,18110.1,20480
3521,Yağmur,17598.03,20480
3523,Enes,0,0
3524,Furkan,19972.61,20480
3526,Sultan,8225.94,10240
3528,Adem,0,0
3529,Fatih,20228.92,20480
3533,İsmail,8323.71,10240
3535,Abdullah,8402.91,10240
3536,Yağmur,18736.99,20480
3537,Hatice,0,0
3540,Merve,0,0
3543,Rabia,0,0
3544,Esra,0,0
3552,Burak,0,0
3556,Merve,0,0
3559,Fadime,16096.36,20480
3562,Özlem,0,0
3563,Murat,0,0
3564,Ayşegül,15496.79,20480
3567,Büşra,0,0
3568,Songül,17968.99,20480
3569,Burak,0,0
3570,Rabia,17915.62,20480
3571,Sevim,0,0
3572,Meryem,0,0
3573,İbrahim,10152.17,10240
3574,Dilek,15816.86,20480
3575,Enes,19704.33,20480
3578,Ömer,0,0
3580,Metin,0,0
3581,Adem,0,0
3584,Özlem,0,0
3588,Hüseyin,8985.72,10240
3589,Metin,0,0
3592,Fadime,0,0
3593,Kadir,20182.35,20480
3596,Tuğba,0,0
3285,İbrahim,0,0
3287,Hülya,0,0
3289,Sevim,0,0
3291,Metin,0,0
3292,Muhammed,0,0
3293,Yağmur,0,0
3300,Muhammed,0,0
3301,Süleyman,0,0
3302,Yağmur,0,0
3303,Abdullah,0,0
3304,Furkan,0,0
3306,Fadime,0,0
3308,Adem,0,0
3312,Elif,19956.91,20480
3313,Hülya,0,0
3314,Sultan,8704.2,10240
3315,Fatih,9365.19,10240
3319,Adem,9104.4,10240
3322,Fatih,9580.79,10240
3323,Yasin,0,0
3325,Esra,0,0
3326,Sultan,0,0
3331,Kadir,0,0
3334,Sultan,0,0
3336,Süleyman,0,0
3337,Fatih,0,0
3339,Aysel,0,0
3341,Fatih,0,0
3344,Recep,0,0
3347,Ali,9948.72,10240
3351,Zeynep,0,0
3353,Süleyman,0,0
3354,Yasemin,8703.82,10240
3356,Kadir,17445.95,20480
3361,Hüseyin,17443.57,20480
3370,Zeynep,0,0
3376,Kübra,20456.27,20480
3379,Meryem,0,0
3382,Ali,0,0
3383,Adem,9034.21,10240
3385,Aynur,19728.39,20480
3386,Rabia,0,0
3388,Fatih,0,0
3389,Yasin,0,0
3390,Mehmet,0,0
3392,Dilek,8793.8,10240
3395,Sevim,0,0
3398,Metin,7941.44,10240
3404,Hasan,9915.66,10240
3405,İbrahim,18004.84,20480
3406,Enes,0,0
3407,Serkan,8093.89,10240
3408,İsmail,0,0
3410,Süleyman,17008.43,20480
3411,Osman,0,0
3413,Kübra,9068.28,10240
3418,Esra,19762.97,20480
3419,Leyla,0,0
3421,İbrahim,0,0
3424,Serkan,17465.81,20480
3425,Aynur,18837.41,20480
3426,Mahmut,17861.47,20480
3428,Muhammed,0,0
3429,Abdullah,0,0
3430,Hakan,18187.93,20480
3431,Fadime,0,0
3433,Zehra,0,0
3434,Fatma,0,0
3435,Yasin,0,0
3438,Melek,0,0
3440,Meryem,0,0
3129,Meryem,8890.62,10240
3133,Aynur,9617.98,10240
3135,Büşra,0,0
3139,Osman,16834.76,20480
3140,Tuğba,17237.33,20480
3141,Burak,0,0
3143,İbrahim,0,0
3144,Muhammed,0,0
3146,Özlem,0,0
3147,Esra,0,0
3150,Büşra,10226.88,10240
3153,Kadir,0,0
3154,Sultan,0,0
3160,Metin,0,0
3162,Osman,0,0
3165,Mahmut,0,0
3166,Süleyman,0,0
3170,Yağmur,0,0
3171,Ahmet,0,0
3172,Ayşegül,0,0
3175,Dilek,0,0
3178,Fatih,0,0
3180,Dilek,18679.98,20480
3181,Sultan,0,0
3183,Adem,0,0
3187,Dilek,19651.08,20480
3188,Fadime,0,0
3190,Murat,9358.81,10240
3191,Ayşegül,15867.76,20480
3195,Fadime,0,0
3196,İbrahim,10139.79,10240
3199,Meryem,0,0
3201,Emre,9672.48,10240
3202,Mustafa,17831.5,20480
3205,Rabia,0,0
3209,Fadime,0,0
3210,Murat,0,0
3212,Recep,0,0
3213,Ali,0,0
3219,Zehra,0,0
3220,Sultan,0,0
3224,Sevim,0,0
3226,Aysel,0,0
3227,Aysel,0,0
3228,Elif,0,0
3229,Yasemin,0,0
3235,Merve,0,0
3242,Büşra,0,0
3243,Abdullah,0,0
3247,Elif,20187.78,20480
3250,Fatih,0,0
3254,Mustafa,0,0
3260,Mahmut,0,0
3262,Yağmur,0,0
3266,Ayşe,0,0
3267,Zeynep,0,0
3269,Ayşe,0,0
3271,Muhammed,0,0
3275,Songül,0,0
3276,Merve,9581.1,10240
3277,Enes,8664.24,10240
3279,Emre,0,0
3280,Merve,0,0
3283,Yasin,0,0
3284,Yusuf,0,0
2976,Yasemin,0,0
2978,Mehmet,0,0
2979,Abdullah,7903.11,10240
2983,Hatice,18642.96,20480
2984,Melek,0,0
2987,Murat,0,0
2988,Enes,18826.62,20480
2991,Merve,17258.94,20480
2992,Osman,8695.4,10240
2993,Ayşe,0,0
2995,Yasemin,8748.96,10240
2998,Hacer,16161.18,20480
2999,Yasemin,0,0
3002,Zeynep,10161.11,10240
3004,Mustafa,0,0
3006,Esra,8997.13,10240
3007,Özlem,0,0
3008,Halil,9610.64,10240
3011,Yasin,0,0
3013,Melek,0,0
3016,Yağmur,0,0
3017,Burak,8689.34,10240
3018,Yağmur,16693.12,20480
3019,Abdullah,0,0
3021,Mustafa,0,0
3022,İsmail,0,0
3024,Serkan,0,0
3026,Süleyman,0,0
3027,Burak,15708.54,20480
3028,Fatma,0,0
3029,Ramazan,0,0
3030,Mehmet,0,0
3032,Kadir,0,0
3033,Leyla,20384.18,20480
3034,Fatma,18283.67,20480
3035,Esra,16686.62,20480
3039,Ayşe,0,0
3041,İsmail,0,0
3044,Serkan,0,0
3047,Fatih,20259.35,20480
3050,Büşra,0,0
3052,Enes,0,0
3054,Serkan,9343.66,10240
3057,Emine,0,0
3058,Süleyman,0,0
3061,Hasan,0,0
3067,Yağmur,9202.58,10240
3068,Hatice,0,0
3069,Osman,0,0
3071,Serkan,18960.76,20480
3073,Mustafa,16228.93,20480
3074,Zehra,19390.72,20480
3078,Fadime,20154.65,20480
3081,Metin,0,0
3083,Aysel,0,0
3085,Mustafa,16908,20480
3089,Yağmur,0,0
3099,Mustafa,0,0
3104,İbrahim,0,0
3107,Elif,0,0
3109,İsmail,9245.43,10240
3110,İsmail,0,0
3111,Zeynep,0,0
3114,Kübra,0,0
3115,Kübra,17941.09,20480
3117,Kübra,8411.29,10240
3118,Abdullah,0,0
3119,Yasemin,16978.75,20480
3120,Yasemin,20086.22,20480
3121,Serkan,0,0
3122,Emre,0,0
3123,Mehmet,0,0
3124,Fatma,8397.19,10240
2818,Hasan,0,0
2820,Leyla,0,0
2822,Emine,0,0
2824,Yusuf,0,0
2826,Sultan,0,0
2827,Fadime,0,0
2828,Enes,19358.52,20480
2833,Yusuf,0,0
2834,Leyla,16821.26,20480
2835,Fatma,9917.49,10240
2836,Süleyman,0,0
2839,Melek,0,0
2840,Murat,0,0
2841,Rabia,18213.09,20480
2842,Melek,0,0
2848,Mehmet,0,0
2850,Leyla,0,0
2851,İsmail,8645.52,10240
2852,Enes,8726.94,10240
2856,Murat,17203.2,20480
2857,Emine,16735.37,20480
2860,Yasin,0,0
2864,Ömer,8065.78,10240
2872,Meryem,0,0
2873,Özlem,17599.12,20480
2876,Ali,0,0
2877,Emre,0,0
2880,Leyla,0,0
2885,Serkan,0,0
2887,Kübra,0,0
2889,Yusuf,0,0
2890,Havva,0,0
2896,Dilek,18882.6,20480
2904,Esra,8409.35,10240
2905,Abdullah,0,0
2906,Özlem,0,0
2907,Aysel,0,0
2909,Merve,19081.51,20480
2911,Meryem,17291.44,20480
2912,Havva,18887.46,20480
2913,Kübra,0,0
2914,Kübra,0,0
2915,Fatma,0,0
2920,Hacer,0,0
2922,Burak,0,0
2923,Hakan,0,0
2929,Rabia,0,0
2931,İbrahim,0,0
2932,Adem,0,0
2933,Hatice,17751.36,20480
2934,Halil,17445.99,20480
2937,Fatih,0,0
2938,Mustafa,19115.94,20480
2942,Ali,9590.83,10240
2945,Ayşegül,0,0
2946,Burak,0,0
2948,Fatma,0,0
2950,Leyla,0,0
2951,Hasan,0,0
2952,Fadime,0,0
2953,Ramazan,0,0
2957,Rabia,0,0
2961,İbrahim,0,0
2965,Zehra,0,0
2966,Süleyman,0,0
2967,Ayşegül,0,0
2660,Zeynep,20002.99,20480
2661,Kadir,0,0
2662,Merve,0,0
2665,Ayşegül,16746.09,20480
2666,Hülya,16255.28,20480
2667,Merve,0,0
2668,Leyla,0,0
2669,Rabia,17026.27,20480
2670,Mehmet,0,0
2671,Emine,9406.64,10240
2673,Recep,0,0
2678,Burak,0,0
2684,Havva,16310.26,20480
2685,Mehmet,0,0
2688,Recep,0,0
2690,İbrahim,0,0
2693,Zeynep,0,0
2695,Adem,0,0
2700,Süleyman,8327.08,10240
2701,Yağmur,18713.72,20480
2702,Fadime,10069.6,10240
2705,Yusuf,19311.16,20480
2708,Yasemin,18642.57,20480
2712,Hülya,0,0
2714,Osman,20015.84,20480
2716,Sevim,0,0
2719,Esra,19393.22,20480
2722,Ömer,0,0
2724,Özlem,16530.8,20480
2729,Ramazan,9517.01,10240
2730,Halil,0,0
2731,Leyla,0,0
2734,Özlem,10037.06,10240
2735,Hasan,0,0
2736,Rabia,10088.41,10240
2740,Zehra,0,0
2747,Süleyman,0,0
2748,Burak,18021.8,20480
2749,Aysel,0,0
2750,Ayşegül,0,0
2752,Emine,15461.46,20480
2756,Furkan,0,0
2757,Zehra,0,0
2759,Rabia,0,0
2760,Enes,0,0
2762,Sevim,0,0
2763,Mustafa,0,0
2765,Zehra,0,0
2766,Enes,0,0
2770,Ahmet,20474.77,20480
2773,Tuğba,0,0
2775,Hüseyin,7857.51,10240
2777,Merve,0,0
2780,Mahmut,8399.83,10240
2784,Hatice,19199.3,20480
2786,Esra,0,0
2790,Ayşegül,0,0
2794,Hacer,19709.89,20480
2797,Furkan,8921.36,10240
2799,Leyla,0,0
2805,Havva,0,0
2806,Enes,10023.86,10240
2808,Adem,0,0
2812,Ali,18883.42,20480
2504,Enes,17888.47,20480
2507,Adem,18397.04,20480
2508,Kübra,19109.7,20480
2510,Fatih,0,0
2511,Fatih,7916.06,10240
2513,Elif,0,0
2515,Yağmur,0,0
2516,İsmail,0,0
2518,Furkan,16276.35,20480
2519,Merve,19893.68,20480
2520,Serkan,16937.11,20480
2522,Kadir,0,0
2523,Merve,19398.52,20480
2525,Aynur,16506.56,20480
2526,Yusuf,16398.48,20480
2527,Fatma,10168.43,10240
2530,Adem,18788.46,20480
2531,Aynur,17073.45,20480
2534,Esra,0,0
2535,Burak,0,0
2536,Hüseyin,0,0
2537,Osman,18043.63,20480
2540,Recep,0,0
2541,Ali,19338.24,20480
2542,Murat,0,0
2546,Recep,0,0
2550,Sevim,19764.66,20480
2552,Merve,8110.14,10240
2555,Emine,15638.03,20480
2560,Ayşe,9149.74,10240
2561,Sevim,0,0
2565,Süleyman,8886.38,10240
2566,Hatice,0,0
2569,Fatih,15738.34,20480
2570,Enes,0,0
2578,Serkan,0,0
2579,Osman,0,0
2580,Kübra,0,0
2582,Murat,8815.72,10240
2585,Dilek,17925.6,20480
2586,Ömer,0,0
2587,Mahmut,19692.56,20480
2596,Ramazan,17338.16,20480
2597,Fadime,16240.39,20480
2598,Burak,0,0
2600,Osman,17772.08,20480
2602,Kübra,20097.79,20480
2605,Mehmet,0,0
2606,Zeynep,0,0
2608,Adem,7834.77,10240
2611,Yasin,0,0
2615,Mustafa,0,0
2616,Mehmet,10009.73,10240
2621,Meryem,9207.78,10240
2622,Leyla,9167.32,10240
2623,Osman,0,0
2627,Emre,0,0
2629,Merve,8407.85,10240
2633,Mahmut,0,0
2634,Dilek,0,0
2635,Fatma,20292.01,20480
2636,Ayşegül,8091.24,10240
2638,Elif,0,0
2642,Ali,0,0
2643,Mehmet,0,0
2644,Fadime,8600.32,10240
2646,Esra,0,0
2647,Fatma,0,0
2648,Yasemin,0,0
2649,Leyla,0,0
2652,Burak,9289.92,10240
2654,Elif,0,0
2655,Tuğba,10229.96,10240
2656,Esra,0,0
2657,Yasin,18452.6,20480
2659,Fatma,0,0
2348,Hacer,0,0
2349,Merve,0,0
2351,Abdullah,19195.62,20480
2354,Merve,0,0
2355,Kadir,9097.26,10240
2357,Yasemin,15535.24,20480
2358,Rabia,8899.99,10240
2365,Süleyman,0,0
2369,Ayşegül,0,0
2370,Büşra,0,0
2371,Hacer,0,0
2372,Mustafa,10193.2,10240
2378,Murat,0,0
2381,Rabia,18316.2,20480
2383,Ömer,16892.92,20480
2384,Burak,19501.87,20480
2386,Merve,0,0
2388,Enes,0,0
2393,Muhammed,19970.92,20480
2395,Yasemin,19206.19,20480
2397,Leyla,0,0
2399,Melek,0,0
2403,Adem,16080.61,20480
2406,Esra,0,0
2410,Meryem,0,0
2411,Kadir,17344.24,20480
2416,Serkan,17451.97,20480
2419,Aysel,0,0
2420,Hatice,20208.74,20480
2421,Fadime,0,0
2425,Yağmur,20210.04,20480
2427,Enes,17077.73,20480
2431,Büşra,19470.43,20480
2436,Hasan,0,0
2438,Emine,0,0
2440,Muhammed,0,0
2442,Songül,8948.96,10240
2443,Muhammed,0,0
2445,İsmail,8191.34,10240
2451,Mustafa,0,0
2452,Hakan,0,0
2455,Recep,0,0
2461,Büşra,0,0
2464,Meryem,7703.95,10240
2465,Mehmet,8189.15,10240
2467,Hülya,0,0
2469,Yağmur,17427.34,20480
2474,Osman,0,0
2476,Adem,9542.13,10240
2477,Yasin,10214.12,10240
2478,Meryem,18522.13,20480
2480,Yasemin,0,0
2481,Mustafa,18895.63,20480
2483,Süleyman,16316.86,20480
2486,Hakan,0,0
2488,Fadime,0,0
2489,Burak,19272.67,20480
2490,Ayşe,0,0
2491,Halil,17441.36,20480
2494,Ayşe,0,0
2498,Yağmur,16655.25,20480
2499,Metin,15644.52,20480
2500,Fatih,0,0
2502,Süleyman,0,0
2192,Recep,0,0
2193,Fatih,0,0
2195,İbrahim,0,0
2197,Ömer,8872.75,10240
2200,Ahmet,17018.16,20480
2201,Sultan,17007.08,20480
2203,Elif,0,0
2205,Hülya,0,0
2206,Özlem,15865.09,20480
2207,Yusuf,7845.76,10240
2209,Emre,15753.91,20480
2213,Burak,18888.82,20480
2219,Tuğba,16045.21,20480
2220,Melek,0,0
2223,Fadime,0,0
2225,İsmail,0,0
2227,Enes,0,0
2228,Adem,10134.87,10240
2229,Ali,0,0
2230,Ramazan,0,0
2234,Kübra,0,0
2238,Hülya,0,0
2239,Mustafa,8214.09,10240
2240,Merve,9867.87,10240
2242,Fatma,0,0
2243,Fadime,7705.86,10240
2244,Tuğba,17660.72,20480
2246,Zeynep,8477.41,10240
2247,Yağmur,20380.86,20480
2248,Hatice,15390.34,20480
2251,Kübra,0,0
2252,Songül,17374.92,20480
2253,Ayşe,0,0
2254,Ömer,0,0
2256,Özlem,0,0
2260,Hatice,0,0
2261,Elif,0,0
2262,Fatih,18207.21,20480
2264,Adem,0,0
2266,Hasan,0,0
2267,Osman,0,0
2268,Osman,0,0
2269,İbrahim,0,0
2271,Leyla,7913.83,10240
2275,Abdullah,0,0
2276,Songül,19771.27,20480
2277,İsmail,17718.3,20480
2278,Havva,0,0
2281,Yasin,0,0
2286,Fadime,17032.8,20480
2287,Hülya,0,0
2289,Serkan,0,0
2292,Abdullah,15724.24,20480
2293,Hakan,0,0
2295,Hacer,8813.39,10240
2297,Serkan,0,0
2299,Emre,0,0
2301,Recep,0,0
2304,Recep,0,0
2305,Süleyman,0,0
2306,Fadime,8715.22,10240
2307,Serkan,0,0
2308,Halil,18132.97,20480
2314,Osman,17276.28,20480
2316,Recep,16302.16,20480
2318,Havva,16256.53,20480
2320,Fadime,0,0
2326,Yasin,0,0
2327,Hatice,18881.33,20480
2329,Hacer,0,0
2330,Melek,0,0
2333,Halil,16419.5,20480
2335,Fadime,8652.8,10240
2338,Ayşegül,0,0
2340,Ömer,16232.72,20480
2342,Leyla,0,0
2035,Enes,0,0
2036,Zehra,0,0
2038,İsmail,0,0
2039,Hacer,0,0
2040,Yasemin,0,0
2043,Kübra,0,0
2044,Hasan,0,0
2046,Hülya,0,0
2048,Serkan,0,0
2049,Aysel,0,0
2051,Yusuf,0,0
2055,Murat,8179.79,10240
2059,Ayşegül,0,0
2060,Aynur,18230.12,20480
2062,Meryem,0,0
2064,Merve,0,0
2065,Fatih,0,0
2066,Kadir,0,0
2073,Muhammed,7861.16,10240
2074,Yasin,0,0
2075,Fatih,0,0
2077,Esra,18225.62,20480
2078,Yusuf,0,0
2083,Leyla,0,0
2086,Adem,8318.76,10240
2091,Halil,16566.93,20480
2095,Ali,0,0
2098,Mustafa,17801.55,20480
2099,Ramazan,18025.12,20480
2100,Muhammed,16844.36,20480
2102,Büşra,8423.19,10240
2103,Ayşegül,15433.03,20480
2109,Fadime,19349.55,20480
2110,Ömer,0,0
2112,Meryem,0,0
2115,Hakan,0,0
2116,Tuğba,0,0
2117,Sultan,0,0
2118,Yasemin,0,0
2121,Süleyman,0,0
2123,Enes,15610.29,20480
2124,Adem,9999.34,10240
2125,Zehra,9445.58,10240
2126,Büşra,0,0
2128,Ahmet,0,0
2130,Recep,0,0
2131,İbrahim,0,0
2132,Hatice,7842.14,10240
2134,Mustafa,19873.89,20480
2136,Murat,0,0
2145,Özlem,0,0
2146,Kadir,0,0
2148,Muhammed,18234.55,20480
2150,Yasin,16679.26,20480
2153,Songül,7783.53,10240
2154,Leyla,0,0
2156,Aysel,17175.75,20480
2157,Metin,0,0
2158,Merve,16576.08,20480
2160,Mahmut,0,0
2162,Ramazan,0,0
2166,Büşra,0,0
2167,Fatih,0,0
2175,Hakan,0,0
2176,Furkan,0,0
2177,Zehra,0,0
2179,Halil,0,0
2182,Adem,18735.84,20480
2183,Büşra,0,0
2185,Fatma,0,0
1880,Songül,17037.6,20480
1881,Halil,0,0
1882,Aynur,0,0
1883,Hülya,0,0
1885,Hakan,0,0
1886,Burak,16258.43,20480
1887,Serkan,15984.99,20480
1889,Emine,0,0
1891,Hülya,0,0
1893,Leyla,9853.74,10240
1897,Melek,0,0
1899,Rabia,0,0
1900,Emine,0,0
1901,Elif,0,0
1902,Emre,0,0
1904,Kübra,0,0
1909,Osman,0,0
1913,Mehmet,16659.03,20480
1914,Elif,15940.68,20480
1918,Serkan,0,0
1919,Burak,0,0
1925,Yağmur,0,0
1927,Emre,0,0
1928,Aynur,0,0
1931,Serkan,0,0
1932,Elif,0,0
1933,Dilek,0,0
1935,Elif,19034.73,20480
1938,Osman,7715.94,10240
1940,Ramazan,0,0
1941,Ayşegül,0,0
1943,Fadime,0,0
1944,Rabia,19084.99,20480
1945,Hülya,0,0
1948,Emre,9320.65,10240
1949,Hacer,0,0
1951,Kadir,0,0
1953,Fadime,0,0
1955,Kadir,10154.1,10240
1956,Özlem,0,0
1957,Sevim,0,0
1962,Havva,8867.77,10240
1963,Fatma,19630.43,20480
1968,Fadime,0,0
1971,Enes,0,0
1976,Meryem,8332.81,10240
1977,Kübra,16473.83,20480
1979,Zehra,9904.48,10240
1985,Fatma,18875.88,20480
1987,Songül,0,0
1988,Burak,0,0
1992,Enes,0,0
1994,Yasin,19010.32,20480
1995,Sultan,7732.36,10240
2000,Murat,0,0
2001,Muhammed,0,0
2004,Sevim,15807.55,20480
2007,Osman,0,0
2008,Fatih,0,0
2011,Songül,9388.38,10240
2013,Hüseyin,0,0
2015,Merve,0,0
2016,Hakan,0,0
2017,Sultan,0,0
2020,Tuğba,0,0
2021,İbrahim,0,0
2023,Mahmut,18873.51,20480
2028,Ali,0,0
2030,Aysel,0,0
2031,Kübra,15474.29,20480
1721,Songül,17229.7,20480
1722,Aynur,7966.59,10240
1725,Tuğba,0,0
1727,Enes,7989.5,10240
1732,Tuğba,8047.65,10240
1734,Songül,8946.91,10240
1736,Meryem,0,0
1737,Enes,0,0
1743,Süleyman,0,0
1747,Ömer,15372.51,20480
1749,Murat,15665.51,20480
1753,İbrahim,0,0
1757,Ömer,0,0
1758,Elif,0,0
1762,Elif,0,0
1763,Serkan,0,0
1765,Fadime,15894.39,20480
1766,Songül,18992.7,20480
1771,Emine,7721.19,10240
1772,Merve,0,0
1773,Muhammed,0,0
1777,Enes,7945.39,10240
1778,Yasemin,0,0
1780,Yusuf,0,0
1782,Yasemin,8600.93,10240
1784,Ahmet,0,0
1785,Büşra,0,0
1786,İsmail,0,0
1787,Esra,0,0
1788,Yasemin,0,0
1794,Ayşegül,17126.89,20480
1798,Zeynep,0,0
1799,Yusuf,8196.36,10240
1801,Ayşegül,0,0
1803,Hüseyin,0,0
1804,Yağmur,0,0
1805,Hakan,0,0
1806,Hatice,8672.97,10240
1807,Zeynep,0,0
1809,Yusuf,0,0
1811,Fadime,0,0
1812,Merve,0,0
1816,Leyla,0,0
1820,Hasan,0,0
1822,Aysel,15640.92,20480
1824,Yasemin,15365.28,20480
1829,Hülya,7923.6,10240
1832,Aysel,15377.53,20480
1833,Büşra,7800.83,10240
1834,Özlem,15521.05,20480
1836,Rabia,9741.23,10240
1839,Serkan,16192.84,20480
1840,Abdullah,0,0
1841,Yusuf,9634.02,10240
1844,Fadime,0,0
1848,Muhammed,0,0
1849,Hacer,0,0
1850,Kadir,0,0
1851,Havva,16611.54,20480
1852,İsmail,0,0
1853,Emre,0,0
1854,Burak,0,0
1855,Hacer,8011.69,10240
1856,Abdullah,0,0
1857,Emine,0,0
1859,Mehmet,16545.68,20480
1861,Recep,16714.87,20480
1865,Havva,9322.44,10240
1866,Büşra,0,0
1867,Yusuf,0,0
1869,Melek,16159.91,20480
1870,Merve,15637.41,20480
1875,Mehmet,19652.03,20480
1877,Hakan,0,0
1566,Recep,16593.33,20480
1570,Leyla,0,0
1572,Mahmut,0,0
1573,İbrahim,9474.45,10240
1574,Abdullah,0,0
1576,Mustafa,0,0
1579,İsmail,0,0
1580,Dilek,0,0
1583,Burak,0,0
1585,Ömer,0,0
1586,İsmail,16472.12,20480
1587,Metin,20282.7,20480
1588,Mustafa,9267.02,10240
1589,Fatih,0,0
1591,Recep,0,0
1593,Zeynep,16813.38,20480
1597,Muhammed,0,0
1602,Leyla,0,0
1604,Aysel,17126.03,20480
1608,Elif,20198.02,20480
1609,Dilek,8431.59,10240
1610,Ramazan,0,0
1614,Murat,17956.46,20480
1615,Songül,0,0
1616,Yasemin,0,0
1618,Büşra,0,0
1621,Aysel,0,0
1622,Murat,0,0
1625,Adem,10117.76,10240
1627,Rabia,0,0
1628,Songül,0,0
1631,Süleyman,0,0
1632,Yağmur,0,0
1634,Kübra,0,0
1635,Sultan,0,0
1638,Emine,0,0
1640,Mustafa,19596.3,20480
1641,Esra,9468.99,10240
1647,Aynur,8036.22,10240
1649,Yusuf,0,0
1650,Abdullah,17985.59,20480
1651,Leyla,0,0
1652,Fadime,17518.77,20480
1653,Burak,0,0
1656,Mustafa,0,0
1657,Fadime,0,0
1658,Mustafa,16247.79,20480
1662,Leyla,0,0
1665,Kadir,19721.52,20480
1666,Yağmur,9320.9,10240
1667,Büşra,0,0
1668,Yasemin,17484.47,20480
1670,Esra,19185.44,20480
1672,Ali,0,0
1673,Yasemin,20337.71,20480
1676,Elif,0,0
1677,İsmail,0,0
1678,Ahmet,0,0
1681,Yasin,15665.21,20480
1685,Hasan,0,0
1686,Recep,0,0
1687,Hatice,8566.08,10240
1689,Murat,0,0
1690,Mehmet,0,0
1693,Ali,0,0
1694,Hakan,0,0
1700,Melek,16128.62,20480
1702,Esra,0,0
1704,Yasin,0,0
1705,Sevim,16574.93,20480
1706,Hatice,0,0
1710,Aynur,0,0
1713,Rabia,0,0
1716,Meryem,15720.65,20480
1718,Ayşe,19012.75,20480
1719,Osman,0,0
1410,Recep,0,0
1416,Meryem,18642.98,20480
1417,Süleyman,18978.57,20480
1421,Ahmet,0,0
1426,Mahmut,0,0
1428,Serkan,0,0
1430,Mahmut,0,0
1432,Osman,8436.76,10240
1433,Dilek,0,0
1435,Rabia,0,0
1437,Esra,18731.23,20480
1438,Süleyman,0,0
1441,Rabia,0,0
1445,Yasin,17358.33,20480
1446,Rabia,18427.9,20480
1447,Ali,0,0
1451,Kadir,0,0
1452,Ramazan,7895.15,10240
1453,Murat,17350.34,20480
1454,Kübra,15668.79,20480
1457,İsmail,19343.82,20480
1458,Esra,0,0
1459,Özlem,0,0
1461,Hatice,0,0
1465,Meryem,19997,20480
1467,Leyla,19636.6,20480
1469,Merve,16118.87,20480
1471,Adem,0,0
1472,Zehra,9396.3,10240
1475,Burak,8657.23,10240
1477,Murat,0,0
1478,Ahmet,15410.62,20480
1481,Hülya,20177.76,20480
1482,Merve,0,0
1486,Murat,8266.86,10240
1488,Adem,16222.06,20480
1490,Hülya,18210.3,20480
1494,Ramazan,0,0
1495,Ali,0,0
1497,Melek,9076.13,10240
1499,Yasemin,20187.61,20480
1501,Ramazan,0,0
1502,İsmail,0,0
1503,Mustafa,0,0
1505,Hacer,10167.37,10240
1506,Osman,0,0
1510,Yağmur,7752.25,10240
1513,Serkan,0,0
1516,Osman,0,0
1518,Enes,15613,20480
1519,Emine,19018.15,20480
1520,Hakan,16079.37,20480
1521,Mahmut,0,0
1522,Kadir,16277.2,20480
1524,Zeynep,9262.83,10240
1528,Recep,19686,20480
1529,Süleyman,18698.24,20480
1531,Leyla,18377.48,20480
1534,Fadime,0,0
1537,Furkan,0,0
1540,Enes,0,0
1542,Meryem,0,0
1544,Sevim,0,0
1545,Furkan,0,0
1547,Muhammed,9130.54,10240
1548,Mehmet,0,0
1549,Metin,15980.87,20480
1555,Osman,17330,20480
1556,Fatih,0,0
1558,Mustafa,0,0
1559,Hülya,0,0
1560,Hakan,0,0
1561,Kübra,20006.32,20480
1562,Dilek,0,0
1563,Recep,0,0
1253,Ali,16340.31,20480
1254,Ramazan,0,0
1255,Meryem,0,0
1257,Yasemin,0,0
1258,Hatice,17414.46,20480
1263,Dilek,0,0
1264,Yağmur,0,0
1266,Leyla,0,0
1267,Furkan,0,0
1270,Adem,0,0
1272,Abdullah,0,0
1273,Mahmut,0,0
1276,Metin,8087.73,10240
1278,İbrahim,0,0
1279,Sevim,0,0
1280,Yağmur,0,0
1288,Melek,0,0
1289,Kübra,0,0
1291,Leyla,18230.12,20480
1294,Hülya,8218.84,10240
1297,İsmail,7824.77,10240
1298,Meryem,0,0
1300,Özlem,15880.82,20480
1302,İbrahim,9719.43,10240
1304,Zehra,0,0
1305,Osman,0,0
1307,Zeynep,15493.49,20480
1309,Kübra,0,0
1311,Burak,8894.38,10240
1313,Ayşegül,0,0
1315,Meryem,0,0
1316,Yasin,0,0
1320,Fatma,0,0
1322,Meryem,0,0
1325,Ali,7802.53,10240
1327,Hacer,17647.96,20480
1331,Osman,0,0
1332,Mustafa,16236.68,20480
1336,Songül,9437.05,10240
1337,Recep,17597.1,20480
1342,Murat,19694.76,20480
1343,Songül,0,0
1345,Enes,0,0
1347,Melek,16282.02,20480
1353,Mehmet,9174.24,10240
1356,Hakan,0,0
1359,Enes,0,0
1373,Burak,16651.87,20480
1377,Abdullah,0,0
1378,Hülya,16303.33,20480
1379,Hülya,9291.19,10240
1380,Sevim,17354.21,20480
1382,Yusuf,0,0
1385,Büşra,0,0
1387,Serkan,0,0
1393,Fatma,0,0
1399,Hatice,17451.78,20480
1404,Mustafa,18463.23,20480
1098,Sultan,7695.16,10240
1100,Hakan,19930.35,20480
1101,Kübra,18160.6,20480
1102,Osman,0,0
1104,Süleyman,19465.99,20480
1106,Fatma,9516.62,10240
1108,İbrahim,8765.16,10240
1113,Murat,0,0
1114,Aynur,0,0
1115,Mehmet,0,0
1117,Tuğba,8243.41,10240
1118,İsmail,0,0
1119,Hülya,9169.11,10240
1120,Yağmur,9268.81,10240
1121,Mustafa,0,0
1122,Sultan,16668.6,20480
1123,Hülya,8536.26,10240
1124,Serkan,0,0
1127,Hülya,0,0
1128,Elif,0,0
1130,Dilek,0,0
1132,Murat,0,0
1136,Tuğba,16207.99,20480
1138,Yağmur,0,0
1140,Leyla,0,0
1143,Muhammed,0,0
1144,Yusuf,0,0
1145,Hakan,0,0
1147,Hülya,0,0
1150,Sultan,0,0
1151,Fatma,16143.6,20480
1152,Mustafa,18103.04,20480
1154,Hacer,16961.52,20480
1155,Ayşe,18479.48,20480
1159,Dilek,17983.09,20480
1160,Osman,0,0
1162,Burak,19196.8,20480
1163,Fatih,0,0
1164,Merve,0,0
1165,Meryem,7976.7,10240
1167,Esra,0,0
1168,Zeynep,0,0
1174,Furkan,9630.36,10240
1177,Furkan,0,0
1181,Fatih,0,0
1185,Hüseyin,20315.18,20480
1188,Zeynep,0,0
1190,Hakan,0,0
1191,Hacer,0,0
1194,Serkan,0,0
1195,Merve,15455.1,20480
1197,Yağmur,15945.98,20480
1199,Dilek,0,0
1200,Sevim,0,0
1202,Ayşe,0,0
1206,Ayşe,0,0
1207,Furkan,0,0
1208,Tuğba,0,0
1211,Ömer,0,0
1213,Büşra,17517.58,20480
1214,Emre,15792.13,20480
1217,Enes,0,0
1220,Burak,0,0
1221,Meryem,0,0
1224,Fadime,19591.23,20480
1226,Serkan,7720.29,10240
1227,Murat,16429.57,20480
1228,İsmail,0,0
1229,Ayşe,8551.25,10240
1230,Recep,19641.98,20480
1234,Büşra,0,0
1235,Zehra,16844.19,20480
1236,Elif,17966.59,20480
1239,Yağmur,0,0
1242,Osman,9561.73,10240
1247,Fatma,9946.59,10240
1249,Adem,8695.74,10240
1250,Fatma,18351.15,20480
943,Süleyman,0,0
944,Melek,0,0
945,Ayşe,0,0
947,Leyla,0,0
948,Kadir,0,0
949,Yağmur,9401.28,10240
950,Merve,0,0
956,İbrahim,9161.77,10240
957,Yasin,9141.65,10240
958,Hüseyin,0,0
961,Halil,16355.81,20480
962,Hatice,0,0
963,Hülya,0,0
964,Hakan,9998.02,10240
966,Fadime,0,0
967,Aynur,17275.39,20480
968,Burak,0,0
969,Yağmur,10059.62,10240
970,Leyla,0,0
977,Leyla,16051.77,20480
981,Fatih,7717.65,10240
985,Yasemin,16868.63,20480
986,Elif,15994.37,20480
990,Büşra,19454.67,20480
999,Burak,17391.1,20480
1001,Zeynep,7998.75,10240
1002,Ahmet,15363.78,20480
1003,Fadime,0,0
1005,Halil,8858.18,10240
1007,Fatih,16977.23,20480
1010,Ayşegül,0,0
1018,Fatih,15565.87,20480
1021,Ayşegül,0,0
1023,Özlem,0,0
1024,Merve,9135.86,10240
1026,Enes,9793.19,10240
1028,Fatih,15444.86,20480
1030,Metin,0,0
1035,Ömer,18468.99,20480
1037,Zehra,0,0
1038,Kadir,0,0
1041,Yasemin,18233.14,20480
1042,Ahmet,0,0
1043,Metin,18736.84,20480
1044,Hakan,0,0
1047,Mustafa,0,0
1051,Emine,0,0
1054,Yasemin,0,0
1057,Hakan,0,0
1060,Burak,0,0
1061,Özlem,0,0
1062,Yağmur,0,0
1063,Havva,0,0
1066,Mustafa,0,0
1067,Metin,18525.14,20480
1071,Hatice,0,0
1072,Havva,18247.85,20480
1077,Ali,0,0
1084,Rabia,9900.48,10240
1085,Mehmet,0,0
1086,Dilek,16460.29,20480
1088,Melek,17393.31,20480
1089,Yağmur,15787.67,20480
1090,Mustafa,0,0
1093,Metin,19794.61,20480
1094,Osman,0,0
1095,Fadime,7864.7,10240
784,Melek,0,0
785,Rabia,20390.14,20480
786,Murat,0,0
789,Murat,0,0
794,Büşra,0,0
795,Adem,0,0
799,Yusuf,0,0
805,Süleyman,9738.71,10240
806,Fatih,0,0
807,Ali,18334.7,20480
809,Zehra,16041.37,20480
810,Metin,9842.1,10240
812,Sultan,0,0
813,Aysel,8591.11,10240
814,Recep,0,0
815,Yasemin,0,0
821,Ali,0,0
824,Mustafa,0,0
827,Sultan,0,0
829,Yağmur,0,0
833,İbrahim,9242.1,10240
837,Fatma,0,0
838,Sevim,8084.05,10240
839,Elif,17577.26,20480
840,Emine,0,0
841,Havva,0,0
843,Hatice,0,0
845,Hatice,0,0
846,Özlem,0,0
847,Burak,0,0
848,Yasin,9852.31,10240
850,Süleyman,0,0
851,Kübra,7767.4,10240
853,Merve,0,0
856,Emine,0,0
857,Ali,16308.58,20480
860,Furkan,17840.52,20480
861,Zeynep,0,0
863,Hasan,19871.97,20480
864,Burak,19639.94,20480
865,Hüseyin,18822.43,20480
866,Furkan,0,0
868,Meryem,9631.9,10240
870,Abdullah,17340.71,20480
873,İsmail,0,0
876,Adem,9209.32,10240
878,Mustafa,0,0
880,Hülya,17152.77,20480
881,Enes,0,0
884,İsmail,16470.07,20480
888,Hacer,0,0
892,Aysel,0,0
895,Esra,0,0
897,Tuğba,0,0
898,Yusuf,17249.11,20480
900,İsmail,8777.84,10240
907,Enes,0,0
908,Yasin,19297.05,20480
914,Ali,0,0
915,Recep,18122.74,20480
916,Burak,0,0
921,Aynur,7791.92,10240
924,Fatih,0,0
925,Yağmur,0,0
926,Adem,0,0
927,Mustafa,0,0
936,Özlem,17775.14,20480
938,Aysel,0,0
939,Fatma,0,0
628,Dilek,0,0
629,Havva,8249.59,10240
630,Osman,0,0
631,Fatih,16843.36,20480
632,Ayşe,0,0
633,Hatice,0,0
634,Ali,9675.46,10240
636,Aysel,19068.72,20480
639,Havva,17874.74,20480
640,Yusuf,0,0
641,Mehmet,9455.74,10240
647,Ayşegül,0,0
650,Hacer,0,0
652,Zehra,0,0
655,Abdullah,0,0
665,Emre,0,0
666,Fadime,10234.05,10240
672,Hasan,0,0
673,Fadime,20257.1,20480
674,Havva,0,0
675,Özlem,0,0
677,Aysel,8323.1,10240
680,Merve,0,0
683,Serkan,9006.53,10240
689,Ramazan,7962.17,10240
692,Fatih,0,0
693,Fatih,0,0
695,Fadime,20029,20480
697,Yasin,0,0
698,Mustafa,0,0
699,Mustafa,20421.43,20480
701,Özlem,18448.92,20480
702,Burak,0,0
703,Ramazan,0,0
704,Halil,19151.64,20480
706,Burak,10212.74,10240
707,Murat,16622.67,20480
708,Serkan,17722.85,20480
710,Mustafa,0,0
711,Kübra,8114.98,10240
717,Serkan,18023.26,20480
718,Fadime,0,0
719,Emine,16065.21,20480
721,Sevim,0,0
730,Mehmet,0,0
731,Ali,0,0
736,Kübra,0,0
738,Enes,0,0
740,Meryem,0,0
741,Sevim,0,0
742,Merve,0,0
744,Songül,0,0
745,Rabia,0,0
748,Aysel,0,0
752,Ayşegül,0,0
753,Halil,0,0
755,İbrahim,0,0
756,Hülya,0,0
757,Rabia,0,0
758,Leyla,0,0
765,Yasin,0,0
771,Emre,0,0
772,Ahmet,0,0
775,Metin,8888.75,10240
776,Büşra,19649.06,20480
778,Mehmet,8438.53,10240
779,Songül,18199.98,20480
781,Murat,0,0
472,Ömer,0,0
473,Yasemin,7812.39,10240
475,Fatih,0,0
477,Dilek,15548.69,20480
479,Hülya,0,0
481,Tuğba,16451.03,20480
484,Hakan,15874.38,20480
485,Rabia,8432.25,10240
486,Fatih,0,0
488,Tuğba,19941.55,20480
491,Meryem,0,0
492,Osman,9627.62,10240
493,Aynur,0,0
494,Muhammed,0,0
495,Ahmet,18334.89,20480
496,Yasin,0,0
499,Furkan,0,0
502,İsmail,18755.14,20480
504,Yasin,9139.6,10240
505,Burak,0,0
506,Zeynep,19961.14,20480
508,Abdullah,0,0
510,Enes,0,0
513,Yağmur,17897.38,20480
514,Emine,0,0
515,Abdullah,17566.66,20480
516,Ahmet,0,0
517,Hasan,8313.98,10240
524,Aynur,0,0
527,Abdullah,0,0
529,Zehra,15438.54,20480
532,Recep,15582.53,20480
535,Adem,17366.47,20480
538,İbrahim,0,0
539,Rabia,16264.6,20480
540,Ayşe,16557.73,20480
544,Sultan,0,0
545,Hatice,8236.99,10240
548,Yasemin,8803.98,10240
552,Zehra,0,0
555,Adem,16167.82,20480
557,Ahmet,0,0
558,İbrahim,0,0
560,Merve,0,0
572,Murat,0,0
574,Özlem,19968.47,20480
575,Hatice,8824.69,10240
576,Hakan,18243.39,20480
578,Zehra,0,0
581,Hasan,18659.81,20480
582,Meryem,0,0
585,Esra,17062.52,20480
586,Hülya,0,0
587,Merve,7826.87,10240
588,Mustafa,0,0
589,Ayşegül,0,0
592,Ali,19018.61,20480
597,Rabia,0,0
598,Zeynep,0,0
599,Merve,0,0
600,Murat,0,0
603,Enes,0,0
607,Ahmet,0,0
613,Yasemin,16079.68,20480
619,Ahmet,0,0
623,Tuğba,0,0
625,Büşra,0,0
317,Melek,0,0
320,Meryem,18691.09,20480
334,Yasin,0,0
335,Mustafa,0,0
337,Fatma,8563.35,10240
341,Aysel,0,0
346,Metin,0,0
350,Esra,19393.09,20480
353,Ayşe,0,0
354,Rabia,0,0
357,Yağmur,0,0
363,Hatice,0,0
366,Enes,20261.22,20480
374,Meryem,16777.35,20480
375,Kadir,0,0
376,Yasin,7740.14,10240
378,Elif,0,0
379,Recep,0,0
380,Enes,0,0
386,Merve,0,0
389,Ramazan,0,0
395,Osman,18213.42,20480
396,Halil,18792.11,20480
398,Mahmut,19084.55,20480
399,Yasin,20118.14,20480
400,Büşra,0,0
403,Ayşe,0,0
409,Serkan,0,0
410,Metin,0,0
411,Metin,17611.43,20480
412,Furkan,16302.29,20480
414,Songül,16560.64,20480
416,Havva,16541.87,20480
418,Songül,17130.4,20480
419,Abdullah,9818.42,10240
421,Emine,0,0
422,Büşra,7859.81,10240
423,Ali,17057.87,20480
424,Hüseyin,17469.78,20480
427,Melek,9435.18,10240
430,Ömer,0,0
434,Metin,0,0
439,Yağmur,0,0
443,Havva,0,0
444,Merve,0,0
446,Osman,0,0
447,Tuğba,17357.19,20480
450,Ayşegül,0,0
453,Yasemin,0,0
454,İbrahim,0,0
456,Hakan,0,0
459,Aysel,0,0
460,Hacer,0,0
461,Yasin,0,0
462,Mahmut,0,0
465,Abdullah,9622.57,10240
470,Fadime,0,0
160,Yusuf,9686.68,10240
162,Leyla,0,0
168,İbrahim,0,0
171,Sultan,0,0
174,Rabia,0,0
177,Havva,16603.13,20480
178,Ramazan,20420.62,20480
181,Enes,15524.33,20480
186,Osman,0,0
188,Hakan,0,0
189,Sevim,0,0
191,Murat,0,0
195,Süleyman,16517.36,20480
197,Esra,0,0
198,İsmail,15894.39,20480
199,Büşra,0,0
202,Özlem,0,0
203,Kübra,0,0
206,Rabia,0,0
209,Ramazan,18757.35,20480
210,Furkan,0,0
212,Tuğba,18670.58,20480
213,Havva,8148.27,10240
214,Songül,0,0
215,Aysel,0,0
224,Rabia,18051.13,20480
225,Sultan,0,0
226,Osman,0,0
228,Emre,17080.56,20480
234,Aysel,9983.38,10240
237,Süleyman,0,0
244,Süleyman,8042.77,10240
245,Metin,0,0
246,Ali,7999.18,10240
248,Yasin,18556.26,20480
251,Hülya,0,0
252,Hasan,7766.47,10240
255,Yasin,0,0
256,Ayşe,0,0
257,Havva,0,0
261,Osman,0,0
266,İbrahim,0,0
268,Abdullah,0,0
270,Murat,0,0
272,Melek,9269.14,10240
273,Fatih,16609.29,20480
275,Burak,0,0
276,Murat,0,0
277,Kübra,0,0
278,Ali,0,0
280,Hasan,0,0
281,Fadime,0,0
282,Mustafa,0,0
283,Osman,0,0
285,Recep,0,0
287,Adem,0,0
288,Recep,8646.46,10240
293,Serkan,0,0
295,Ayşe,0,0
296,Aysel,17147.62,20480
297,Havva,9421.3,10240
299,Mustafa,19021.17,20480
302,Yasin,8634.98,10240
303,Burak,0,0
305,Ömer,8880.11,10240
306,Ayşe,0,0
307,Burak,0,0
311,Fatma,20476.18,20480
313,Emre,9697.82,10240
314,Recep,0,0
1,Emine,18420.61,20480
2,Ahmet,0,0
3,Aynur,0,0
4,Ömer,7879.83,10240
12,Hatice,0,0
19,Enes,0,0
22,Rabia,0,0
24,Mahmut,0,0
26,Yağmur,0,0
27,Yasemin,0,0
28,Büşra,9603.74,10240
30,Yasin,19378.38,20480
37,Hakan,0,0
38,Adem,8786.73,10240
40,Murat,8899.47,10240
41,Süleyman,0,0
42,Yusuf,9075.72,10240
43,Hülya,18680.21,20480
46,Aynur,19836.26,20480
47,Hatice,0,0
48,Yusuf,0,0
52,Aynur,0,0
53,Sultan,7716.97,10240
58,Murat,0,0
59,Yağmur,17259.35,20480
60,Kübra,0,0
66,Sevim,8515.7,10240
68,Metin,0,0
72,Hakan,0,0
77,Havva,0,0
78,Merve,18022.38,20480
85,Emre,0,0
90,Emre,0,0
93,Ayşe,19940.31,20480
95,Büşra,0,0
101,Fatih,16436.83,20480
102,Ayşegül,0,0
104,Yusuf,9988.62,10240
107,Sevim,0,0
108,Kadir,15769.42,20480
118,Enes,17804.38,20480
123,Aysel,0,0
124,Yasemin,18358.77,20480
128,Ayşegül,9184.45,10240
130,Hülya,0,0
131,Leyla,19208.11,20480
135,Ahmet,0,0
138,Mahmut,9568.02,10240
143,Ayşe,0,0
145,Kübra,0,0
146,Zeynep,17001.68,20480
148,Hasan,9243.89,10240
149,Meryem,18986.99,20480
152,Ahmet,0,0
158,Süleyman,16805.24,20480
9869,Kübra,0,0
9871,Adem,0,0
9872,Aysel,0,0
9875,Melek,0,0
9876,İbrahim,0,0
9877,Halil,0,0
9878,Recep,18423.67,20480
9879,Mustafa,18737.38,20480
9883,Kadir,0,0
9884,Emine,0,0
9885,Aysel,0,0
9901,Yasemin,0,0
9902,Yasemin,8293.6,10240
9907,Merve,0,0
9910,Emine,16563.69,20480
9915,Mahmut,9832.83,10240
9918,Serkan,16431.61,20480
9922,Aysel,0,0
9924,Yasemin,17631.64,20480
9925,Sevim,19525.64,20480
9929,Emre,0,0
9930,Ömer,0,0
9932,Merve,0,0
9934,Tuğba,0,0
9936,Melek,0,0
9941,Fatih,19836.23,20480
9942,Enes,0,0
9943,Hacer,18729.23,20480
9945,Sultan,20226.56,20480
9948,Özlem,0,0
9949,Songül,10107.98,10240
9950,Yasin,20028.51,20480
9953,Esra,9594.64,10240
9958,Mustafa,0,0
9960,Osman,18378.65,20480
9963,Enes,15381.17,20480
9966,Yasin,0,0
9968,Hatice,9943.38,10240
9970,Hacer,0,0
9971,Dilek,18667.42,20480
9972,Burak,16113.56,20480
9975,Fatih,0,0
9976,Hatice,19394.06,20480
9977,Fadime,0,0
9978,İbrahim,10186.35,10240
9979,Serkan,0,0
9981,Yağmur,0,0
9985,Yağmur,0,0
9987,Hülya,8579.82,10240
9989,Mahmut,0,0
9990,Songül,0,0
9992,Burak,0,0
9993,Melek,20385.68,20480
9994,Aysel,0,0
9995,Yasemin,17065.08,20480
9999,Zeynep,19073.12,20480
10000,Mustafa,15926.6,20480
